id_atividade,data,descricao,cai
1,01/05/2021,Operação Rota Segura 1º de Maio - Manifestação Motociclistas,FALSE
2,03/05/2021,Treinamento BDI-02,FALSE
3,07/05/2021,Manifestação Nova Carapina,FALSE
4,10/05/2021,Treinamento SEINT,FALSE
5,11/05/2021,Operação Carga Pesada - Ficalização de Transporte de Rochas,FALSE
6,17/05/2021,Manifestação SITAEN - Carapina,FALSE
7,31/05/2021,Atividades relacionadas ao atendimento do Ofício MPT em Serra ES,FALSE
8,04/06/2021,Confecçção RELINT,FALSE
9,16/06/2021,"RG com sinais de adulteração. Rodrigo Rodrigues Easton / 114.671.977-93. Veículo RFJ8G81 - VW/GOL 1.0L MC4, abordado na UOP Serra. ",FALSE
10,17/06/2021,Abordagem a Veículo clonado ,FALSE
11,17/06/2021,Abordagem a Veículo clonado ,FALSE
12,30/06/2021,Pesquisa social terceirizado serviços gerais,FALSE
13,02/07/2021,QRH5A22 - VW/SAVEIRO CD CROS (clone RCQ6G58),FALSE
14,14/07/2021,"Clone: HONDA/PCX 150, de placa aparente FYA-6106/SP, clone",FALSE
15,26/07/2021,Levantamento Greve dos Caminhoneiros,FALSE
16,27/07/2021,Apoio a OTENARCO,FALSE
17,27/07/2021,DQO5867 - I/HYUNDAI HR HDLW (clone DXF8403). Apoio QTC BDI04,FALSE
18,01/08/2021,Nissan Kicks Clonado QRM4I22 - (clone QRJ8A91). Colatina,FALSE
19,08/08/2021,ODI5327 - VW/FOX 1.6 GII (clone OKQ8608),FALSE
20,09/08/2021,"NOVO VOYAGE 1.0 - PRATA - CARLOS MARCIO PRADO, CPF 006.497589-62",FALSE
21,18/08/2021,Apreensão Maconha. QXE6I99 - I/TOYOTA HILUX CD e RCQ7B00 - HONDA/CIVIC TOURING C,FALSE
22,02/09/2021,"Aproprieção Indébida QWZ4531 T-Cross -  Igor Marques Urbani, CPF 113794787-07. BU45783059",FALSE
23,13/09/2021,QUT8967 - FORD/KA SE 1.5 SD C (clone QQM2H40) Maycon Junio Alves / 110.922.936-47,FALSE
24,13/09/2021,QUW7883 - FIAT/FIORINO HD WK E (clone QXS6E42). Sebastiao Costa Viana 272.229.855-49,FALSE
25,14/09/2021,AES7A18 - REB/FNV - FRUEHAUF (clone AES7A18),FALSE
26,17/09/2021,"COMBUSTÍVEL ADULTERADO CUC3758 - SR/GUERRA AG TQ, CUC3759 - SR/GUERRA AG TQ, OUO6211 - VOLVO/FH 460 6X2T. QTC SEINT ACOMPANHAMENTO BDI02, ABORDAGEM GFT SERRA. VEÍCULO COM 45.494 LITROS DE ETANOL ETÍLICO ADULTERADO",FALSE
27,19/09/2021,"CLONE, PLACA APARENTE: ODE9451 - FIAT /PALIO ATTRACTIV, ORIGINAL ODC2113/ES. RECUPERADO PELA PRF DE  CAMPOS DOS GOYTACAZES - RJ BOP1969793210919200048. JOSE CARLOS BARRETO FILHO, CPF 424.058.907-04",FALSE
28,20/09/2021,"CUMPRIMENTO DE MANDADO DE PRISÃO - PWT9I00 E QNF4A07, O SR JULIO CESAR DOS SANTOS, INSCRITO NO CPF SOB Nº 068.936.087-80. BOP 1503929210920100513. ",FALSE
29,28/09/2021,"Clone PPS5388 - CHEVROLET/ONIX 10MT JOYE (clone PKR6391) Recuperado em São Mateus/ES. 1 celular e R$ 1.500,00 em espécie",FALSE
30,29/09/2021,Preparação Escolta Ministro,FALSE
31,30/09/2021,Escolta Ministro,FALSE
32,26/09/2021,"Clone TOYOTA HILUX CD4X4 SRV que ostentava a placa OYF3F04, John Everton Santana Rodrigues 731.453.432-20. Recuperado pela PRF em Macapa/AP. Clone identificado pela BDI02 e compartilhado com SEINT AP. BOP 1477776210926161234",FALSE
33,08/10/2021,"MANDADO DE PRISÃO. YAMAHA/YS150 FAZER, de placa PPV-9291. Wenerk Rennan da Silva, CPF 119.799.777-63. BOP 1534978211008092209",FALSE
34,12/10/2021,CLONE GHP1863 - NISSAN/VERSA 16 UNIQUE (clone PKD4834),FALSE
35,14/10/2021,MPA ATX7C35 - I/VW JETTA 2.0. Alexandre Araujo Pinheiro / 011.220.697-23,FALSE
36,15/10/2021,"CLONE M.BENZ/LS 1634, placas aparentes JLH2G92/BA, tracionando o semirreboque REB/A. GUERRA, placa aparente KIQ2D00/BA, ORIGINAL KIQ2D00. conduzido por ADRIANO CARDOSO RAMOS, CPF 010.850.415-81",FALSE
37,18/10/2021,CLONE PPK5181 - NISSAN/VERSA 16UNIQUEC. Antonio De Jesus / 094.490.737-75,FALSE
38,22/10/2021,"CLONE Nissan/Kicks, cor cinza, com placas aparentes QOV-1G58/MG, ORIGINAL QRK0B37. Eduardo De Jesus Padua / 145.136.057-66
* Maicon Da Conceicao Santos / 178.531.287-11 * Lucas Lacerda Ramos / 164.750.097-41. QTC BDI02 E BDI04",FALSE
39,25/10/2021,"Recuperação de veículos roubados/adulterados em Oficina de motocicleta em Fundão/ES. BOP 	1534960211025093050 - Aos 25 dias do mês de outubro de 2021, o Grupo de Patrulhamento Tático da Polícia Rodoviária Federal, lotado na Delegacia da PRF de Serra/ES, realizava ações de policiamento na rodovia federal BR-101, quando nas proximidades do KM 229, município de Fundão/ES, fora visualizada uma motocicleta sem placa, assim a equipe PRF iniciou o acompanhamento tático, entretando no bairro São José, tal veículo entrou em uma via vicinal, conseguindo evadir-se da fiscalização. Posteriormente, retornando em direção à BR-101, a equipe PRF passou em frente a uma oficina de motocicletas, quando visualizou, próximo ao portão de entrada, uma motocicleta Honda/XR 250 Tornado, cor vermelha, com a placa, MQF-7722/ES, em desacordo com o padrão original de fabricação. Diante de tal suspeição, a equipe da PRF identificou o proprietário da oficina, o cidadão Júlio Cezar Sarti Grazziotti, portador do documento de identidade nº 1421432-ES, o qual afirmou que o referido veículo havia sido deixado por um cliente para manutenção corretiva. Analisando os elementos de identificação, fora constatado que o Número de Identificação do Veículo - NIV, comumente denominado ""chassi"", apresenta sinais de adulteração, como marcas de lixamento, desalinhamento, além de padrão distinto de gravação em relação ao fabricante. Em continuidade, após a confirmação de um veículo adulterado, a equipe da PRF realizou a análise veicular em outras motocicletas deixadas por clientes para manutenção. Assim, fora encontrada uma motocicleta sem placa, e ao realizar a consulta, por meio dos sistemas disponibilizados pela PRF, pelo NIV 9C2JC250XWR000487, fora constatado que a mesma possui uma restrição de furto, datado de 23/10/2018, na cidade de Serra/ES, conforme Boletim Policial nº 7583668/2018. Posteriormente, fora, ainda, encontrada uma terceira motocicleta, Honda/NX 200, sem placa, com o NIV 9C2MD2701SRT00722, e número de motor MC27E-X000215, para o qual consta como agregado da motocicleta Honda/CBX 200 Strada, placa MPY-7889/ES, com restrição de furto, datado de 06/01/2013, na cidade de Conceição do Castelo/ES, conforme Boletim Policial nº 0000179/2013. O proprietário da oficina só conseguiu contato com o proprietário dessa última motocicleta, o cidadão Felipe do Espírito Santo Broetto, portador do documento de identidade nº 3119159-ES, o qual compareceu ao local e afirmou que a adquiriu por R$ 2.500,00, há 9 meses, e já a adquiriu com esse motor mesmo. Diante dos fatos acima configurarem, em tese, os crimes de adulteração de sinal identificador de veículo e de receptação, as 03 (três) motocicletas supramencionadas foram encaminhadas para a Delegacia de Polícia Civil em Aracruz/ES para os procedimentos legais cabíveis. Os envolvidos acima qualificados também foram encaminhados para a Delegacia de Polícia Judiciária por estarem na posse de veículos objetos de crime.",FALSE
40,27/10/2021,"Restrição de roubo/furto  FIAT/PÁLIO EDX, placas CCJ-2104, conduzido pelo Sr. JOSE ADERALDO DE JESUS (CPF nº 092.013.497-18)",FALSE
41,29/10/2021,"AÇÃO DE APOIO À PC QUADRILHA COFRES - BU 46248474. ABORDAGEM AO VEÍCULO FIAT/WEEKEND ADVENTURE, PLACA IWG8F14. VEÍCULOS E PESSOAS DA SUSPEITA 191180",FALSE
42,30/10/2021,"HGX8169 - I/CITROEN C4 PALL. Ocorrencia: 1765328211030104555 BDI01 E BDI04
Em Serra, no km 251 da BR 101, às 10:45, foi abordado o veículo Citroen C4 Pallas de placas HGX8169, onde durante consultas aos sistemas policiais foi verificado que o passageiro do veículo, LEANDRO DE SOUZA SILVA, RG 3145612, estava com mandado de prisão em aberto - Mandado N° 0000661-13.2021.8.08.0044.01.0006-17 com validae até 13/04/2037. Ocorrência encaminhada ao DPJ de Laranjeiras.",FALSE
43,01/11/2021,"RENAULT/LOGAN EXPR 1016V de placas LRX-5760, ORIGINAL KPW4381. conduzido por Silmara Moreira Santos de Jesus 131.481.617-93 Ocorrencia: 2202126211101140328
No dia 01 de novembro de 2021, por volta das 14h00, no KM 60 da BR-101, em São MAteus/ES, equipe PRF abordou o veículo RENAULT/LOGAN EXPR 1016V de placas LRX-5760, conduzido por Silmara Moreira Santos de Jesus, qualificado como autora. O veículo trafegava no sentido São Mateus-ES / Pedro Canário. O condutor do veículo portava versão impressa do e-CRLV, estando o veículo registrado em nome de MARCUS VINICIUS C ALEXANDRE ONIDA. Ao analisar mais atentamente os elementos de identificação do veículo, foi identificado o número de alteração do CHASSI. Foram alterados 5 caracteres do veículo original. Veículo original apresenta o chassi 93Y4SRD04EJ836602, sendo o número remarcado para 93Y4SRD04EJ293309. Ressalta-se que o motor e a caixa de marcha foram substituídos. o motor e o câmbio foram adquiridos no ferro velho J. Reis, sendo apresentados os números dos pedidos 000551 e 000535, em nome de Júnior. O motor que constava no motor era o que consta no recibo de compra, numeração D4DJ7542058622. O bloco do motor original do veículo foi recuperado também no ferro velho J. Reis, com a numeração íntegra D4DJ754Q038736, que, após consulta, levou ao veículo com ocorrência de roubo KPW-4381. Silmara Moreira Santos de Jesus afirmou que comprou o veículo no classificado, de uma pessoa chamada Junior e que já estava com defeito no motor e caixa de marcha (batidos) e que não sabia das adulterações do veículo. Diante das informações acima, foi constatada, a princípio, ocorrência de RECEPTAÇÃO. O envolvido qualificado como AUTOR DO CRIME DE RECEPTAÇÃO foi encaminhado ileso e sem algemas para esclarecimentos junto à Delegacia de Polícia Civil em São Mateus/ES. Veículo RENAULT/LOGAN EXPR 1016V de placas LRX-5760 e o bloco do motor foram encaminhados ao pátio credenciado da Polícia Civil em São Mateus-ES.",FALSE
44,01/11/2021,"Ocorrencia: 1534960211101090008
Ao primeiro dia do mês de novembro de 2021, o Grupo de Patrulhamento Tático da Polícia Rodoviária Federal, lotado na Delegacia da PRF de Serra/ES, realizava ações de policiamento nas proximidades do KM 229 da rodovia federal BR-101, município de Fundão/ES, quando fora visualizada uma motocicleta Honda/CG 160 Titan, cor vermelha, com placa aparente PPR-4477/ES, estacionada às margens da via pública, no bairro Beira-Rio, em Fundão/ES. Tal placa apresenta características distintas do padrão original de fabricação, o que ensejou a suspeição da equipe da PRF quanto a sua autenticidade. Assim, foram analisados os outros elementos de identificação da motocicleta, o que possibilitou a constatação de que se trata da motocicleta Honda/CG 160 Titan, cor vermelha, de placa PPM-3597/ES, para a qual consta uma restrição de furto, datada de 27/02/2018, na cidade de Serra/ES, conforme Boletim Policial nº 5484773/2018. Posteriormente, o cidadão Manoel Messias Souza da Silva, portador do documento de identidade nº 4.222.285-ES, compareceu ao local afirmando que era o possuidor, tendo a adquirido há uns 60 dias, pela quantia de R$ 6.000,00 (seis mil reais), tendo sido pago o valor de R$ 3.000,00 à vista e o restante por meio de parcelas no valor de R$ 500,00, e que a negociação fora realizada pelo seu irmão. Diante dos fatos narrados acima configurarem, em tese, o crime de receptação, descrito no artigo 180, do Código Penal, o envolvido supracitado fora encaminhado, ileso, para a Delegacia de Polícia Civil de Aracruz/ES. A motocicleta fora arrecadada e encaminhada para a referida Unidade Policial, por ser objeto de crime.
",FALSE
45,07/11/2021,"CLONE: Ocorrencia: 1515805211107035014
Aos 07 dias do mês de outubro de 2021, aproximadamente às 03:50 horas, no bairro Rosário de Fátima, município de Serra/ES, o Grupo de Patrulhamento Tático da Polícia Rodoviária Federal, lotado na Delegacia da PRF de Serra/ES, visualizou um veículo com caracteristícas similares a um automóvel utilizados em roubos na cidade de Vila Velha, quais sejam, Hyundai/HB20 hatchback, cor branca, placas OZV-0F99, conforme Boletim de Atendimento nº 45848994. Diante de tal suspeição, a equipe da PRF deu ordem de parada ao condutor, o qual desobedeceu, empreendendo fuga. Assim, fora iniciado a acompanhamento tático ao supramencionado automóvel, sendo que em determinado momento o passageiro efetou disparos de arma de fogo contra a equipe da PRF, e logo após a arma fora arremessada para fora do veículo. Logo em seguida fora realizada a abordagem, identificando-se o condutor como Gustavo de Mattos de Souza, portador do documento de identidade nº 3576481-ES, e o passageiro como Willian de Freitas Gomes, portador do documento de identidade nº 3823438-ES. Os policiais retornaram ao local em que a arma de fogo fora arremessada, encontrando uma base de carregador de pistola. Como o local era próximo à UPA de Carapina, a equipe da PRF fora informada pelo segurança patrimonial e por pessoas que estavam do lado de fora de que um indivíduo que estava conduzindo um ciclomotor de marca Joy, teria parado, enquanto a equipe da PRF realizava a abordagem, e pegado a arma de fogo que estava sobre a pista de rolamento, retornando e seguindo em direção oposta. Após isso, fora realizada a análise dos elementos de identificação do veículo, constatando-se que os mesmos apresentam sinais de adulteração. Diante disso, analisando o conjunto de sinais identificadores do veículo fora possível constatar-se que o veículo original é um Hyndai/HB20 1.0, cor branca, placas PPJ-7851/ES, com restrição de roubo, datada de 13/07/2021, na cidade de Vila Velha/ES, conforme Boletim Policial nº 5410236/2021. Diante dos fatos narrados acima configurarem, em tese, a conduta criminosa tipificada no artigo 180, do Código Penal, receptação, os envolvidos foram detidos e encaminhados, ilesos, para a Delegacia de Polícia Civil. No tocante ao veículo, por ser objeto de crime, fora arrecadado e encaminhado para a mesma Unidade Policial.",FALSE
46,07/11/2021,"CLONE Ocorrencia: 2313051211107151502 BDI02 E BDI04
Por volta das 15h15 min do dia 07 de novembro de 2021, no Km 62, em fiscalização de rotina, foi abordado o veículo Hyundai/HB20 e placa aparente RCY-3A55, conduzido por Andre dos Santos Antonio, RG 3438229/SPTC-ES. Realizando vistoria nos elementos de identificação veicular, verificamos que o número de chassi havia suspeição de regravação, a numeração dos vidros também havia suspeição de regravação; no entanto, através da identificação do número do motor, constatamos que o verdadeiro veículo tratava-se de um Hyundai/HB20, placas QXU-8H32 da cidade de Belo Horizonte, sendo que após consulta na base de dados SERPRO, verificamos que EXISTIA RESTRIÇÃO DE FURTO, ocorrência 0002066/2021 registrada em 09/03/2021 na cidade de Salvador/BA. O Sr. André relatou ter comprado o carro por R$ 82.000 (oitenta e dois mil reais), sendo que estava pagando parcelas mensais de R$700 a R$1.000 de uma pessoa de apelido ""Coroa"", na cidade de São Mateus/ES. O veículo e o ocupante (ileso e com o uso de algemas) foram encaminhados ao DPJ São Mateus - ES, para providencias judiciárias. Veículo relacionado na ocorrência: Hyundai/Hb20S, cor prata e placa QXU-8H32. Diante das informações obtidas foi constatada, a princípio, ocorrência de Receptação. Enquadramento(s): receptação.",FALSE
47,14/11/2021,Clone LMQ4B05 - TOYOTA/YARIS SEDAN (clone KZN9G72) . Fabricio Luiz Zani Medici / 086.255.687-26,FALSE
48,15/11/2021,Clone OYD9G93 - FORD/FIESTA HA 1.5L (clone LQJ7J78). Tharlys Da Silva Santos / 168.434.127-26. 1 arma e 6 munições.,FALSE
49,24/11/2021,"FURTO BANESTES TERRA VERMELHA. AÇÃO INTEGRADA COM DEIC - ROUBO A BANCOS - PCES. PARTE DA QUADRILHA FOI PRESA PELA PCES EM CARIACICA E VILAA VELHA. A PRF ABORDOU OUTRA PARTE DA QUADRILHA QUE ESTAVA EM DESLOCAMENTO PARA O RIO DE JANEIRO. BOP 1515573211124172018. Após informações recebidas da central de informações da PRF do Espírito Santo de que o veículo Ford Ecosport de cor prata, com placas KVU-1995 estava envolvido em um furto a Banco na capital Vitória, ocorrido nessa madrugada, qual seja, do dia 23 para o dia 24 do mês de novembro de 2021, foi realizada a abordagem ao veículo e no mesmo estavam Márcio da Silva Barbosa, Gabriel da Silva Barbosa, Gabrielle Ribeiro Romão, Verônica Cristina Lima da Silva Barbosa e uma bebê, filha de Gabriel e Gabrielle.  Após realizarmos contato com o Delegado da Polícia Civil do ES, Dr. Gianno Trindade foi confirmado o envolvimento de Gabriel e Márcio no fato tipificado pelo código penal no artigo 155, §1º, §4º I e IV, que se refere ao furto qualificado pela destruição ou rompimento de obstáculo e em concurso com duas ou mais pessoas, com causa de aumento de ser praticado durante o repouso noturno.  Segundo o delegado outros indivíduos haviam sido presos na cidade de Vitória e que o referido veículo estaria seguindo no sentido do Rio de Janeiro.  Dessa forma a equipe encaminhou os envolvidos, suas esposas, a bebê e o veículo para a DEIC - DIVISÃO ESPECIALIZADA EM INVESTIGAÇÃO CRIMINAL (Romão - 3313700, Avelino 201562, Luzielio 3316432) de Vitória, conhecida como Delegacia de Roubo a Bancos, quando foi confeccionado o Registro de Ocorrência BU n.º 46413209.",FALSE
50,26/11/2021,"COLETIVA DE IMPRENSA ROUBO BANESTES OCORRIDO EM 24/11/2021

https://g1.globo.com/es/espirito-santo/noticia/2021/11/26/integrantes-de-quadrilha-especializada-em-roubo-a-bancos-sao-presos-no-es.ghtml",FALSE
51,26/11/2021,"Apropriação indébita RFK3H27 - FIAT/FIORINO HD WK E, Rodrigo Cesar Nazare / 027.260.606-50",FALSE
52,13/12/2021,"Apropriação indébita RFN7F92 - FIAT/MOBI LIKE - Fernando Teixeira Genebri / 101.976.977-71
- Mauro Frank Ribeiro Vieira / 129.205.247-39",FALSE
53,15/12/2021,Apropriação indébita QXQ6E24 - NISSAN/KICKS Joao Batista Monteiro Gaiotti / 015.421.127-37,FALSE
54,16/12/2021,"CLONE PLACA APARENTE RFV4F18 JEEP/COMPASS, PLACA ORIGINAL RJJ2F99
Jose Do Carmo Alves De Barros / 115.255.377-17",FALSE
55,21/12/2021,"CLONE LSE3B71 - FORD/ECOSPORT SE AT (clone LSI3H47)
* Gustavo Anesio Cossi / 135.492.667-66
* Arthur De Araujo Da Silva / 139.190.487-76",FALSE
56,23/12/2021,"Aproppriação indébita QXV3F22 - FIAT/CRONOS
* Murilo Pereira Cicilioti / 096.337.987-95",FALSE
57,14/01/2022,"Mandado de prisão -  HYUNDAI/HB20 1.0M 1.0 M placa OVJ6G55 - 
Condutor: FELICIO MANOEL PONCIO
",FALSE
58,23/01/2022,ONIX recuperado em PE (Relint 3536.6094) - BOP 1183747220123112025,FALSE
59,25/01/2022,MP - Ingrid Vasconcellos dos Santos e Eduardo Nascimento Loureiro (DHPP),FALSE
60,25/01/2022,"Moto recuperada - PPS0773 (ostentando), na oficina de Fundão. CRLV falso. 
Não foi possível chegar no original.",FALSE
61,31/01/2022,Apropriação Indébita - ANDRÉ RODRIGUES SANTOS - GM/CELTA PLACA ETP5C91,FALSE
62,01/02/2022,S10 Branca - com PM em Nova Almeida,FALSE
63,06/02/2022,Ford Fusion HLN0G07 BOP Nº 1534960220206223001,FALSE
64,07/02/2022,"Recuperação Honda Fit PPY9003 e Prisma PPU0323 - sinalização de roubo (carro da colega, encontrado em Jardim Limoeiro) Abordado com auxílio da SEINT e GPT01",FALSE
65,07/02/2022,Fiat Argo QXB8551 - Apropriação Indébita,FALSE
66,09/02/2022,Renault Sandero PPU7E52 - clone,FALSE
67,09/02/2022,Hyundai IX35 HIM9866 - clone,FALSE
68,14/02/2022,Estelionatário na Fiat Strada QNM9E71 - Foram encatrados no veículo 14 cartões de benefício ES Solidário que foram encaminhados ao DPJ,FALSE
69,15/02/2022,Jeep Compass PMI6C26 clone RIX3A42,FALSE
70,17/02/2022,S10 Branca PCW5H56 recuperada em AL (MSG 2911.4403 e 8853.7042). Original QNN4D10,FALSE
71,18/02/2022,Toro FZS3G24 recuperada BO 2313289220218193017,FALSE
72,18/02/2022,"Hilux MTS2B95 recuperada BU 47091672 no mesmo QTC da Toro, recuperado pela PM",FALSE
73,24/02/2022,"HRV BDQ9D76 clone, original QRF5D31 abordada em Linhares pela ronda, dentro de Linhares",FALSE
74,24/02/2022,"Toro PLP7C25 clone,original QRF0C61 abordada pela Del02 em Santo Antônio do Canaã em Santa Teresa (Paiva e BDI02)",FALSE
75,25/02/2022,"Toro PPR3J07 clone, original PPF1G82 pego no Posto Serra pelo GPT",FALSE
76,26/02/2022,S10 recuperada no RJ - RNF3A95 - original FBD6J30 - BOP 1183959211031102005 - MSG 4704.7245,FALSE
77,26/02/2022,"Prisma QNO7D11 clone, original QUK3991",FALSE
78,28/02/2022,"Civic clone NAD4G73, original LTP5527, recuperado pelo GPT segunda de carnaval em Jardim Limoeiro",FALSE
79,28/02/2022,"Compass clone PPY1A01, placa original QRF7H77. Recuperado pelo GPT de Eunápolis",FALSE
80,02/03/2022,"Mandado de prisão - GM/MERIVA (AUTOMOVEL) (2003/2004) (PRATA)
 ALM8762 // Condutor: JOILSON NERES DE OLIVEIRA
(031.794.917-95)",FALSE
81,08/03/2022,"Mobi QVP2J36 clone, abordado e encaminhado pela DFRV. Parceria BDI02 e BDI03 - abordado dentro de Guarapari.",FALSE
82,09/03/2022,"Toro ""Rei do Tomate"" placa PKZ2998, original LTL8D07",FALSE
83,10/03/2022,Sandero IXQ6347 roubado em Linhares em 23/02/2022 BU47128188 - recuperado pela PM 14 Cia Ind em Vila Nova de Colares,FALSE
84,11/03/2022,"GENIVALDO FERREIRA SILVA, CPF 01646206304, estava no VW Polo MST6955, abordado pela PM (inciciando em Jacaraípe e abordando em Vila Nova de Colares) em parceria com esta BDI02, após solicitação do Delegado Rodrigo Sandi Mori - BU47239775",FALSE
85,15/03/2022,"VW UP OVC7A84 clone, placa original PJI4518, abordado pela Baraldi e Peres na ronda extra da Operação Praesentia I (derrubado pelo Orlando e Tristão)",FALSE
86,18/03/2022,"CLONE TOYOTA/YARIS, placas QGW0E87. Recuperado em Itamaraju/BA. RELINT 8336.2157. BOP 2424264220318202017. Original RBE3F33, roubado em Vila Velha.",FALSE
87,22/03/2022,"GM Ágile clone, placa aparente EPO1E58, placa original UOP0E54",FALSE
88,24/03/2022,Argo RFH6H72 - Furto Qualificado Localiza BU de origem BU47332533,FALSE
89,29/03/2022,"TOYOTA/COROLLA, placas OOV4C67. Original ODF7452, roubado em Serra. BO 1515805220329172044. ",FALSE
90,29/03/2022,"CHEV/SPIN, placas LQV8C11. Original LRB4164, roubado em Guarapari. BO 1070877220329190044",FALSE
91,30/03/2022,"VW/FOX, placas EAW7F17. Original MPZ8C22, roubado em Serra. BO 1515805220330151459",FALSE
92,06/04/2022,"Honda/NXR160, placa RBB0F37. Original PKS0679. Recuperada em Eunápolis/BA. BOP 2198839220406203022. Relint 5668.7005",FALSE
93,12/04/2022,Tracker GKC3D84. Original RBD1I48. ,FALSE
94,14/04/2022,"Renault Duster clone, ostantava FLE7F10, placa original OVL9A99",FALSE
95,15/04/2022,"Gol Localiza QXU7H05, furto qualificado, arma e munição",FALSE
96,17/04/2022,"Fiat Palio,placa PAD1C55 clone, placa original. ",FALSE
97,20/04/2022,"Honda Bros 160 PVS7G77 com restrição de furto (QTC iniciado pela BDI04 Bragatto, BDI02 apoiou pra encontrar motocicleta, abordado pela GPT no saíndo Belvedere)",FALSE
98,25/04/2022,"Veiculo Toyota Yaris, clonado. BDI 02 e GPT 02. Abordado na ES 010. Placa Clonada RFN1E38",FALSE
99,25/04/2022,"Veiculo FIAT Toro, clonado. BDI 02 e GFT 02. Abordado na BR 101 km 225. Placa clonada QLG-1H76. Placa Original PPS-9B96",FALSE
100,25/04/2022,"Veiculo Citroen CActus, clonado. BDI 02 e GPT 02. Abordado na ES 010. Placa clonada RJH-1E82. Placa Original RBC-3A11",FALSE
101,27/04/2022,"Veículo clone GM Onix PPU6829, original PPV3623. Abordado em Serra Sede pelo GPT02 após acompanhamento da BDI02",FALSE
102,04/05/2022,"Veículo clone FIAT/STRADA ADVENTURE CD FSC0I33, original Oye9912 . Abordado na Uop Viana.",FALSE
103,05/05/2022,"Veículo clone Fiat Argo, CLONE PZL9759. ORIGNAL PPX7229 Abordado na UOP Serra PRF GIULIANO e BDI.",FALSE
104,05/05/2022,"Veículo clone HB20 branco. CLONE QUR1H68, original QUE0G68. Abordado GPT Serra.",FALSE
105,06/05/2022,Cactus Localiza RNH7F58. Furto qualificado.,FALSE
106,13/05/2022,"Veículo clone PALIO OYI5997, original OYE9975. Abordado na ES010 pelo GPT02 após acompanhamento da BDI02",FALSE
107,18/05/2022,"Veiculo Clonado Honda HR-V, original LTA-9G69. Abordado em GO após contato e QTC da BDI 02. Placas clone GAN-6E76",FALSE
108,19/05/2022,Veiculo Clonado Renault Clio. Abordado na ES 010 pelo GPT 02. Placas clone MTR5I28,FALSE
109,19/05/2022,Veiculo Clonado Toyota Etios. Abordado na ES 010 pelo GPT 02. Placas clone QKZ7H10,FALSE
110,23/05/2022,"Veiculo Clonado FORD Ka, original QPB6H95. Abordado em na ES010 pelo GPT 02. Placas clone QPB6C24",FALSE
111,24/05/2022,"Veiculo Clonado VW FOX, original OPB2508. Abordado na BR 262 Cariacica pelo GPT 01. Placas clone OLU8G89",FALSE
112,29/05/2022,"Veiculo Clonado Honda HR-V, original PXP7877. Abordado em na ES010 pelo GPT 02. Placas clone PXT1984",FALSE
113,29/05/2022,"Veiculo Clonado CRUZE, original PPZ0979 PPZ5D36. Abordado em São Mateus pela equipe da UOP. Placas clone QNK5D36 QNK1984. BDI02 + BDI04",FALSE
114,06/06/2022,Veiculo VW Gol placas MPQ0881 com registro de furto/roubo no sistema. BDI02 + GPT02,FALSE
115,09/06/2022,Veiculo Ford Ka clonado placas originais QNJ3C29. Placas clonadas PZQ9G62 BDI02+BDI03 + GPT02,FALSE
116,21/06/2022,"Cumprimento de mandado de prisão de Miquéias da Silva Lopes em Nova Carapina I, conjunta com a Polícia Civil",FALSE
117,22/06/2022,Recuperação de veículo roubado em Nova Carapina - GM Onix OYK2510 - BA 48138233,FALSE
118,27/06/2022,Recuperação veículo clonado em Aracruz - Creta Branco QMO5H90 - com apoio da Polícia Civil - BU48193240,FALSE
119,27/06/2022,"Abordagem GPT em Ilha do Príncipe, Vitória - Punto - JIJ8368 - Veículo com indicação de clonagem e com possibilidade de ter ocupante com MPA. Também foram encontrados e entregues no DDPJ 400,00. 3 Carregadores. 2 celulares",FALSE
120,01/07/2022,"Recupweração veículo clonado - Fiat Mobi prata - FSQ0C86, original placa RNJ2F88 com registro de furto/roubo ",FALSE
121,04/07/2022,Recuperação de motocicleta com restrição de furto placa ODD2243 - Jacaraípe km 13 - realizado pela BDI e GPT,FALSE
122,06/07/2022,"Recuperação veículo clonado na UOP Serra, Jeep Compass placa RFW5C32, placa original RJV2A04",FALSE
123,08/07/2022,"Recuperação veículo clonado em Aracruz, Prisma  placa KRQ7I42, placa original PPK1C27",FALSE
124,11/07/2022,Recuperação veículo QWR8878 - JEEP/RENEGADE LNGTD (clone QUS8E90),FALSE
125,19/07/2022,OPERAÇÃO PEDRA BRUTA,FALSE
126,19/07/2022,"TCO Peso Operação Pedra Bruta - QRG7F98 - VOLVO/FH 540 6X4T + MOX6762 - SR/IRMAOS CLARA BT
+ MOX6772 - SR/IRMAOS CLARA BT",FALSE
127,19/07/2022,"TCO Peso Operação Pedra Bruta - QRB4210 - VOLVO/FH 540 6X4T + OCY1E62 - SR/LIBRELATO SRCD
+ OCY1E61 - SR/LIBRELATO SRCT",FALSE
128,20/07/2022,Arma de fogo com DOUGLAS FAGUNDES SANTANNA no Renegade PPM7E41,FALSE
129,26/07/2022,"Recuperação de veículo furtado - MSW3167 - FIAT/STRADA FIRE CE, furtada em Marechal Floriano",FALSE
130,03/08/2022,"HRV clone Colatina, Operação Praesentia II, RKN1F24 - HONDA/HR-V EXL CVT (clone LUG5G69)",FALSE
131,11/08/2022,"Recuperação clone Toyota Corolla PJP8A33, original PPM1504 - BU48586742 - Foi identificado pela PC analisado pela BDI02 que deu alta probabilidade de clonagem e abordado em 11/08 pela PC na residência do condutor.",FALSE
132,11/08/2022,Recuperação das armas de roubo realizado à firma de segurança na Serra no dia 07/08/2022.,FALSE
133,15/08/2022,"Recuperação HB20 PSJ3C97, original PJQ7E62",FALSE
134,16/08/2022,"COLETIVA DE IMPRENSA - RECUPERAÇÃO DE ARMAS DE EMPRESA DE VIGILÂNCIA DA SERRA

https://www.agazeta.com.br/es/policia/policia-recupera-armas-roubadas-de-empresa-de-seguranca-na-serra-0822
",FALSE
135,19/08/2022,"Recuperação Ford/Ka, PWU0C77, envolvido em homicídio em Feu Rosa. Original PPE9266.",FALSE
136,19/08/2022,"Recuperação Fiat/Strada GIK3D24, original RTG4F12.",FALSE
137,22/08/2022,"Recuperação Toyota Corolla GCA6D11, original. PPL4D18",FALSE
138,22/08/2022,Veiculo recuperado de furto/roubo. Placa GQX8521,FALSE
139,27/08/2022,"Recuperação veículo clonado, HB20 placa END3E17, original RQN3H79, BU48731541",FALSE
140,28/08/2022,"Recuperação de veículo roubado em Jacaraípe Cb Albuquerque. Vectra MQV7108, BU48725280 do roubo e BU48732831 da recuperação",FALSE
141,31/08/2022,"Recuperação veículo clonado, VW Polo, cor branca, placa RFU1C71, original RQM0I37",FALSE
142,13/09/2022,"Recuperação veículo clonado, Nissan Versa, cinza, QNJ2079, placa original PPX8036",FALSE
143,15/09/2022,"Recuperação veículo clonado, Hyundai IX35 PJD0F10, placa original PPN2745. Operação conjunta PM Santa Teresa e GPT02",FALSE
144,20/09/2022,"BU48929149, Recuperação de GM S10 placa clone PLK9A15, original PPR4496. Ação Relizada pela PM de baixu Guandu, participação do PRF Lorenzoni.",FALSE
145,21/09/2022,"Recuperação veículo clonado, Fiat Punto placa OQT4E54, placa original OQX6518, de Contagem/MG. Operação contou com apoio da PM - P2 da 14ª Sgt Gauter",FALSE
146,21/09/2022,"Recuperação de veículo clonado, Toyota Corolla cor prata, placa PYY1E02, placa original PKD9B68. Abordado pelo COE na ES060 km 8, em operação conjunta com a PM.",FALSE
147,01/10/2022,"Participação da BDI02 na Operação Conjunta com PC (Gabriel Monteiro) e PM para captura de autores do assalto à bancos em Santa Leopoldina.
* Fuzil (4unid)
* Pistola (1unid)
* Real (371.911R$)
* Munição (247unid)
* Carregador de munição (23unid)
* Outro tipo (5unid)
* Artefato Explosivo (1unid)",FALSE
148,01/10/2022,"COLETIVA DE IMPRENSA NOVO CANÇAÇO EM SANTA LEOPOLDINA, AÇÃO CRIMINOSA REALIZADA EM 30/09/2022, OPERAÇÃO EM 01/10/2022

https://www.gov.br/prf/pt-br/noticias/estaduais/espirito-santo/2022/outubro/prf-es-e-forcas-de-seguranca-estaduais-atuam-em-conjunto-contra-o-novo-cangaco

https://g1.globo.com/es/espirito-santo/noticia/2022/09/30/novo-cangaco-saiba-como-e-o-crime-que-destruiu-bancos-e-assustou-moradores-em-santa-leopoldina-es.ghtml

https://www.agazeta.com.br/es/policia/novo-cangaco-ataque-em-santa-leopoldina-lembra-outros-casos-no-es-e-no-pais-0922",FALSE
149,05/10/2022,"Recuperação veículo clonado, Jeep Renegade, cor verde, placa LMO5B55, original LML8713. BOP 1534960221005090057",FALSE
150,06/10/2022,"Recuperação veículo clonado, GM Prisma, cor preta, placa JON6813, original MSN0609",FALSE
151,11/10/2022,"Recuperação veículo clonado, GM Ônix, cor prata, placa QOG9670, original PPU7F80 BU roubo Nº49090896 NO DIA 09/10/2022 BU de encaminhamento 49099105 DIA 10/10/2022. BU do furto da Placa BU49092843. MSI9026 - GM/CELTA 4P LIFE também encaminhado pelo apoio ao roubo. Abordagem realizada pelo GPT02, o Ten. Braga assumiu a condução.",FALSE
152,12/10/2022,"Recuperação de veículo clonado, HB20 placa ODS6203, placa original PPF5017. Veículo encontrado pelo Orlando, (oficina). Repassamos à Guarda Municipal da Serra (Dias) e Sérgio da DFRV. Veículo estava estacionado em frente a uma oficina em Bairro de Fátima.",FALSE
153,13/10/2022,"Recuperação veículo clonado, Corolla, cor prata, placa aparente ODP0F33, original ITS6I53, com ocorrência de ROUBO em 25/03/2022.",FALSE
154,14/10/2022,"Recuperação veículo clonado, Renault Fluence, placa aparente PWJ6275, original OVA7941. Abordado pela UOP Viana após QTC da BDI02. Veículo não era roubado, constava apenas como baixado no RJ.",FALSE
155,14/10/2022,"Falsidade Ideológica, MOISES FABIO DE SOUZA, CPF 14466335788, apresentou ao GFT02 ao ser abordado no GOL MTK7C82, suspeito de partendcer à quadrilha de Loló, CNH de outra pessoa - ROBERTO ALISSON DE SOUZA, CPF 48991577890",FALSE
156,14/10/2022,"Recuperação veículo clonado, Nissan Versa, placa aparente QMS2D50, placa original ",FALSE
157,14/10/2022,"Abordagem ao ônibus da Contijo GSV4699, para entrega ao conselho Tutelar, conselheira Alverinda, a menor Thalia Barreto Bonfim, RG 3.768.256-3 SE, 15 anos. Estava viajando para com seu namorado Daniel Souza dos Santos RG 31.279.756-6 RJ para se estabelecerem am São Paulo. Após acionamento da SEINT SE com o BO117245-22",FALSE
158,17/10/2022,"Recuperação veículo furtado, Renault Sandero, placa PXD7C33. Conjunta, Suspeita BDI01 e QTC e acompanhamento da BDI02 até abordagem do GPT",FALSE
159,18/10/2022,"Recuperação veículo clonado, Fiat Fiorino, branca, placa aparente QUK8G44 - BOP2152960221018115907. Em 14/10/2022 abordado na UOP Serra pela GFT02 que fez IDV e constatou que era original. Desta forma o que iniciou viagem do RJ para GO seria o clone, o que foi confirmado após abordagem em Catalão-GO dia 18/10/2022",FALSE
160,18/10/2022,"Recuperação veículo clonado, Honda CG 160, placa aparente QRG4D01, placa original RBG9J47. Abordado pela UOP Safra. QTC Conjunto, descoberto pela BDI02 e QTC da BDI03.",FALSE
161,26/10/2022,"Recuperação de veículo clonado, Honda City prata, placa aparente ONM0E18, placa original OWX8066. Recuperado em Carapina pelo GPT02",FALSE
162,26/10/2022,"Recuperação de veículo clonado, Fiat Fiorino cor branca, placa aparente MRC9E40, original MPZ8251. Abordado em Carapina",FALSE
163,31/10/2022,"Manifestação km 247 da BR 101, com interdição de pista",FALSE
164,01/11/2022,"Manifestação km 264 da BR 101, com interdição de pista",FALSE
165,02/11/2022,"Manifestação km 203 da BR 101, com interdição de pista",FALSE
166,10/11/2022,"Prisão de três envolvidos em assalto em São Gabriel da Palha. QTC BDI04 Bragatto, GPT02 acionado por ele. GPT em contato com BDI02 que realizou acompanhamento nos sistemas e também auxílio no acompanhamento ao veículo indo para o desvio.",FALSE
167,14/11/2022,"Recuperação de veículo furtado em Rio Casca-MG, Celta HDW4591, BO 2022-049608596-001 MG",FALSE
168,14/11/2022,"Recuperação de veículo clonado, HONDA/CG 160 TITAN EX, placas aparentes PPL2A81, placa original PPQ2J05",FALSE
169,17/11/2022,"Recuperação de veículo clonado, Chevrolet/Cobalt, cor preta, placa aparente LRL9B98, original LRK8F65.",FALSE
170,21/11/2022,"Recuperação veículo com Aproplriação Indébita Locadora Unidas, Renault Logan, placa RMZ4A34, BU49339303 da Apro Ind. Recuperado pelo GPT02 km 260",FALSE
171,30/11/2022,"Recuperação de veículo clonado, Citroen C3 AirCross, placa aparente KXW5H04, placa original LQA7F93. Abordado na UOP São Mateus. Clone levantado pela BDI03.",FALSE
172,01/12/2022,"Recuperação Apropriação Indébita Localiza, Jeep Renegade QWR8889, abordado pelo GPT02 em Serra Sede km 257. BU45413775. BDI auxiliou após a abordagem.",FALSE
173,06/12/2022,"Recuperação de veículo clonado, Honda Fit cor branca, placas aparentes QUJ3J99, original LTT8J11. Abordado pelo GPT02 em Porto Belo, QTC GCM Serra - Dias. Apoio da BDI01, Yoshimine foi na localização que tínhamos do veículo e aguardou a chegada do GPT02.",FALSE
174,08/12/2022,"Recuperação de veículo clonado, Honda Civic cor branca, placas aparentes OYG4F49, original OVF0783. Abordado pelo GPT02 na ES080 com apoio da BDI02. Veio da 080 km 11 e 8, atravessou Colatina e foi avistado pela BDI que avistou o GPT, na 080 sentido São Roque do Canaã foi abordado *",FALSE
175,16/12/2022,"Recuperação veículo clonado irmã colega PRF, Hyundai Creta, placas aparentes PLF8E26, placa original, QRI1I34",FALSE
176,16/12/2022,Recuperação de veículo furtado (Localiza) GM/Tracker placa RQQ6G49,FALSE
177,19/12/2022,"Recuperação veículo clonado, Fiat Toro cor branca, placa aparente RJH2H50, placa original RFW6D52. Abordado pelo GPT02 em Carapina. Carro do papai Noel.",FALSE
178,19/12/2022,"Recuperação de veículo com placa trocada. Ford Fiesta, placas aparentes NYI3D48, placa original MTC8357. Veículo recuperado pela PM em Praia Grande, Fundão. Sd Pâmela, prima Daniely. BU49715136",FALSE
179,21/12/2022,"Recuperação de veículo clonado, Hyundai/Creta, placa aparente RCV2F04, original RQN0D03. BOP 2315861221221074544",FALSE
180,22/12/2022,"Recuperação de veículo clonado, Jeep Compass, placas aparentes RJI2J18, placa original RJE0G22",FALSE
181,26/12/2022,"Encaminhamento de condutor portando arma sem a devida autorização de porte. Arma registrada no nome do conduzido. Veículo PPF0F33, Toyota Corolla.",FALSE
182,31/12/2022,"Recuperação de veículo clonado, Hyundai/HB20, placa aparente PYC6126, Original PPN3B54. BU 49831409.",FALSE
183,05/01/2023,Apoio na recuperação de mais de 150 celulares roubados em São Mateus. Informação recebida da BDI04-ES. BOP2315861230105095055 ,FALSE
184,26/01/2023,"Recuperação de veículo clonado FORD FOCUS, placas aparentes IVT4F45, placa original PUG5B53",FALSE
185,26/01/2023,"Recuperação de veículo clonado Fiat Strada, placas aparentes QNQ0064, placa original QMR1912. Fazenda da Esperança - Muribeca",FALSE
186,26/01/2023,Operação Fim da Linha (Combate aos assaltos a ônibus urbano - BDI no Terminal de Laranjeiras) OM 46305898 de 12h às 00h,FALSE
187,30/01/2023,Operação Fim da Linha (Combate aos assaltos a ônibus urbano - BDI no Terminal de Laranjeiras) OM 46305898 de 12h às 00h,FALSE
188,30/01/2023,"Mandado de prisão em ônibus Trancol linha 829-B. Dieferson de Almeida Bretas, portador do documento de identidade nº 17.288.971-MG. BOP 1534960230130170001",FALSE
189,31/01/2023,Operação Fim da Linha (Combate aos assaltos a ônibus urbano - BDI no Terminal de Laranjeiras) OM 46305898 de 12h às 00h,FALSE
190,31/01/2023,"Recuperação de veículo clonado Hyundai HB20, placas aparentes PPF7008, placa original OYJ5527. Abordado pelo GPT na Norte x Sul, veículo veio de Vitória por Jardim Camburi.",FALSE
191,09/02/2023,"Recuperação de veículo clonado Honda Civic branco, placas aparentes FCP5I13, placa original LSX8882. Abordado pelo GPT02 próximo ao Shopping Mestre Álvaro, na Norte x Sul. CNH Falsa. Vinícus Gomes Rossi Tinelli 13132831778 apresentou CNH falsa com nome de Vinícius Frere.",FALSE
192,13/02/2023,"Recuperação de veículo clonado GM Celta cor preta, placas aparentes, EGQ5C42, placa original MSU0G92. Veículo abordado pela Roda Serra após acompanhamento da BDI02. Abordado no km 265. QTC encaminhado pela SEINT, Dornelas.",FALSE
193,13/02/2023,"Recuperação de veículo clonado Hyundai HB20 Evolution, cor branca, placa aparente RNJ4C43, placa original RNJ2A12. A abordagem foi realizada pela Ronda Serra, Nichetti e Zambom, pois veículo vinha de Vitória e estava indo para Cariacica pelo contorno. GPT02 chegou logo em seguida e assumiu ocorrência.",FALSE
194,16/02/2023,"Recuperação de veículo clonado, GM Prisma, cor preta, placas aparentes LST9D31, original PKS6147. Abordado em Feira de Santana devido a cadastro no SICOP realizado pela BDI02-ES",FALSE
195,17/02/2023,"Recuperação de veículo clonado Kia Soul, cor branca, placas aparentes NZF0A88, original MJB8006. QTC Fraga, clone descoberto por Tristão.",FALSE
196,17/02/2023,"Recuperação de veículo clonado Toyota/Corolla, cor cinza, placa aparente QRE5D55, original QRD2C63. BOP 3257577230217080259. Informação passada pela BDI02-ES para NUINT09-BA em 16/02/2023. Recuperado em Eunápolis",FALSE
197,17/02/2023,"Recuperação de veículo furtado. Fiat Uno cor branca, ostantando placa KRU5J92 (placa de Etios furto da placa BU50293198). BU50292564 e BU50298831 apropriação e furto do UNO. Abordado em 17/02/2023 pela PM em Cariacica Sede. QTC BDI02 repassado ao Cb Windler da P2 do 7º Batalhão. BU50298831 Recuperação do Uno. Conduzidos pela adulteração veícular e tb por falsidade ideológica",FALSE
198,18/02/2023,"Prisão de Leila de Menezes Dias, RG 15187349 60 BA. MP em Aberto (sequestro de incapaz). Abordada no Posto Teixeira de Freitas na BA. QTC inicado pelo Girlan da Águia Branca, MP conseguido junto ao Del. Marco Antônio de Caravelas. Passageira do Águia Branca QRL4H64, nº 27910 Cachoeiro x Ilheus",FALSE
199,19/02/2023,"Recuperação de Veículo Clonado, VW Nova Saveiro, placas aparentes PZC0F95, placa original PXT1762. Abordado pela Ronda Brejetuba. Veículo descoberto pela BDI08-RJ",FALSE
200,27/02/2023,"Recuperação de veículo clonado, GM Cobalt, placas aparentes FNX4H78, placa original QTV7A43. Abordado pelo GPT02 em Carapina. O Rangel tb postou a passagem no QTC Fluxo Diário",FALSE
201,27/02/2023,"Recuperação de veículo clonado, Jeep Renegade cor vermelha, placas aparentes RMT4G21, placa original RMS0C68. Abordado pelo GPT02 em Carapina.",FALSE
202,27/02/2023,"Recuperação de veículo clonado, VW UP vermelha, placas aparentes KPZ2J66, placa original KQB7C29. Veículo clone encontrado nos sistemas pela BDI02, QTC múltiplo, BDI02, BDI03 e SEINT, abordado pelo COE em Viana.",FALSE
203,01/03/2023,"Mandado de apreensão de menor (João Victor Coutinho Pina), HB20 PPP8D70.",FALSE
204,02/03/2023,"Recuperação de veículo clonado, Ford Ka, placas aparentes PVU8C69, placa original PUU7486. Abordado em Bairro de Fátima pelo GPT02 e Guarda Municipal da Serra - GCM Miranda.",FALSE
205,07/03/2023,"Furto de Gusa - apreensão de 30.000 kg de ferro gusa na carreta Volvo cor branca, placa OLS2B38, e SR RNX9H52. Abordado pela Ronda Serra após informação de carregamento no pátio de material furtado. Empresa Vítima/Denunciante VLI",FALSE
206,13/03/2023,"Recuperação de veículo clonado, Ford Ka cor branca, placas aparentes RCU4I24, placa original RFU1G74. Abordado pelo GPT02.",FALSE
207,15/03/2023,"Recuperação de caminhão roubado placa OPH4G01 MB Accelo, BU50556870. Roubo em barra de São Francisco, trouxeram para Serra na madrugada de 15/03. Encontrado em operação conjunta BDI02 e PC em Bela Vista, Serra. Participação da BDI04 e Guarda Municipal da Serra.",FALSE
208,20/03/2023,"Recuperação veículo apropriação indébita, Ford Ranger, placa LKZ8A36, BU50610038 de apropriação. QTC BDI04.",FALSE
209,20/03/2023,"Recuperação de veículo apropriação indébita, GM SD10, placa OKF9A37. BU de apropriação. Conjunto com C3R e BDI04.",FALSE
210,21/03/2023,"Recuperação de veículo clonado, GM Onix cor branca, placas aparentes QPN7D21, placa original PPS7B74. Abordado em Colatina pelo GPT02 após análise de janelas de abordagem pela BDI02. QTC BDI04 Bragatto.",FALSE
211,24/03/2023,"Recuperação de veículo clonado, Ford Fiesta Prata, placa aparente ODK2D94, placa original ODI2059. Veículo abordado em Operação conjunta com o 5º BPM de Aracruz/ES. GPT02 e PM. Operação Siameses",FALSE
212,24/03/2023,"Recuperação de veículo clonado, Hyundai HB20 branca, placa aparente PPE7D41, placa original PPM9359 . Veículo abordado em Operação conjunta com o 5º BPM de Aracruz/ES. GPT02 e PM. Operação Siameses",FALSE
213,24/03/2023,"Recuperação de veículo clonado, Fiat Strada cor branca, placa aparente OWZ6B71, placa original OVK7D18. Veículo abordado em Operação conjunta com o 5º BPM de Aracruz/ES. GPT02 e PM. Operação Siameses",FALSE
214,28/03/2023,"Apreensão de 27.770g de Cloridrato de Cocaína. FIAT/TORO VOLCANO RNN7F42, cor preta. Abordado pelo Menezes, apoio da ronda Serra. Encaminhado para Sede Operacional para que o GOG pudesse passar os cães que deram positivo para drogas. GPT02 acionado para desmonte do veículo. Recolhido documento falso (CNH) e o condutor possuia mandado de prisão em aberto.",FALSE
215,29/03/2023,"Recuperação de veículo clonado,Fiat Strada Volcano, placa aparente RBC1D45, placa original RBC4E90. Veículo abordado em Operação conjunta com o 5º BPM de Aracruz/ES. GPT02 e PM. Operação Siameses",FALSE
216,31/03/2023,Apreensão de 136.500 Maços de cigarro contrabandeados. M.BENZ/L 1113 cor azul GOV4514. Abordado pelo GPT02 em Fundão após Vig da BDI02 em Santa Teresa. BOP 1515564230331180042,FALSE
217,02/04/2023,"Recuperação de veículo clonado, GM Sonic cor preta, placa aparente LQK6J66, placa original KVX7837. Veículo abordado pela ronda Serra, sábado 02/04.",FALSE
218,05/04/2023,"Recuperação de veículo clonado, FIAT/TORO cor preta, placas aparentes, GIQ1G28, placa original KYT9I65. Abordado pelo GPT02 em Carapina.",FALSE
219,08/04/2023,"Recuperação de veículo clonado, FIAT/STRADA, placas aparentes MRA3726, placa original MRO6665. Aboardado em Safra",FALSE
220,10/04/2023,"Recuperação de veículo clonado, HONDA/HR-V EXL CVT, placas aparentes LTY2I24, placa original LUQ2F31. Abordado pela PC DHPP Serra (Daniel Fortes) que solicitou apoio da PRF para derrubar o veículo.",FALSE
221,13/04/2023,"Recuperação de veículo clonado, GM Onix cor cinza, placas aparentes RFY1F04, placa original QRL5C46. Abordado pelo GPT02 em Carapina. Veículo descoberto pela BDI04, apoio da BDI02 para abordagem.",FALSE
222,20/04/2023,"Recuperação de veículo clonado, Nissan V-Drive (Versa) prata, placas aparentes FWB2H64, placa original ESL5A88. Abordado pelo GPT em Carapina.",FALSE
223,24/04/2023,"Operação Conjunta com PC - DEIC (Gabriel Monteiro) - Roubo de Jacaraípe (R$ 2.5 M). 3 Presos, 1 morto afogado, 2 foragidos, 5 veículos recuperados (2 ônibus, 1 Civic, HR-V e Uno).",FALSE
224,25/04/2023,Mandado de prisão de condutor de veículo com suspeitra ativa de ter participado de roubo de caminão em Barra de São Francisco. Celta MST7E75. Abordado pelo GPT02 no km 262.,FALSE
225,25/04/2023,"Apreensão de cigarros contrabandeados, VW/13.180, placa KLC5D10. Abordado pelo GPT02 km 251. 167.000 maços de cigarro. QTC Mansano informado por telefone. Acionamos GPT02 que conseguiu abordar carga.",FALSE
226,26/04/2023,Operação DOMIDUCA (ESCA) OM 47882254 SEINT-ES,FALSE
227,27/04/2023,Operação DOMIDUCA (ESCA) OM 47882254 SEINT-ES,FALSE
228,27/04/2023,"Recuperação de veículo clonado, Nissan Sentra, cor prata, placas aparentes QQM0G57, placa original QRJ6B68. Abordado pelo GPT02 após km 266, dentro do bairro.",FALSE
229,28/04/2023,"Recuperação de veículo clonado, GM S10, cor prata, placas aparentes QMU7F88, placa original PZU7I66. Abordado pelo GPT04 na BR101 em Aracruz.",FALSE
230,29/04/2023,"Recuperação de veículo clonado, Fiat Strada, cor branca, placas aparentes PPD4A67, placa original PPA9334. Abordado pelo GPT02 no sábado da operação Dia do Trabalho.",FALSE
231,05/05/2023,"Recuperação de veículo clonado, Toyota/Etios, cor branca, placa aparente QRG0J96, original QRJ3B58. Abordado pelo pela PM e GPT04 na BR101 em São Mateus. Clone descoberto pela BDI02-ES. CAI BDI04-ES.",FALSE
232,06/05/2023,"Recuperação de veículo com restrição de Apropriação Indébita UNIDAS. Fiat Argo, placa RMW9B77. Recuperado pela equipe da Ronda no Posto Serra.",FALSE
233,#VALUE!,Operação Escola Viva (Levantamento de dados de escolas às margens da rodovia federal no ES),FALSE
234,08/05/2023,"Recuperação de veículo clonado, JEEP/COMPASS cor branca, placas aparentes RFE6G31, placa original RBA5G18. Recuperado pelo GPT02 em Carapina.",FALSE
235,#VALUE!,Operação Escola Viva (Levantamento de dados de escolas às margens da rodovia federal no ES),FALSE
236,09/05/2023,"Recuperação de veículo clonado, Fiat Toro cor branca, placas aparentes PZZ4B03, placa original QMS4701. Abordado pela Ronda São Mateus.",FALSE
237,15/05/2023,"Recuperação de veículo furtado (INCAPER) VW Gol, placa OYF0609. Informação veio da PC, repassamos informação para BDI01 que monitorou e grupo Blue Rock, lá com auxílio do Bragatto. Logo em Seguida veículo deu passagem na UOP Brejetuba onde foi abordado.",FALSE
238,15/05/2023,"Recuperação de veículo clonado, GM Corsa Sedan, placas aparentes ENK5E03, placa original MSC3123. Recuperado pela Ronda Linhares.",FALSE
239,17/05/2023,"Recuperação de veículo clonado, HONDA/CG 160 FAN, cor vermelha, placa aparente RJH7H83. Não foi possível chegar no original. Clone descoberto pela BDI02-ES. BOP 1817700230517113033",FALSE
240,22/05/2023,"Recuperação de veículo clonado, VW Nova Saveiro, placas aparentes GDE6J16, placa original PYD4702. Abordado pelo GPT02 em carapina após a saveiro retornoar de Vitória. QTC Dornelas",FALSE
241,25/05/2023,"Recuperação de veículo clonado, GM Onix, placas aparentes QUW3D76, placa original QUQ7197. Recuperado pelo GPT02 em carapina.",FALSE
242,02/06/2023,"Recuperação de veículo clonado, Toyota Corolla, placas aparentes LSQ9H51, placa original PYQ1G88. Abordado pelo GPT02 em Costa Dourada, Serra-ES. Estavam à procura de veículo roubado quando encontraram o Corolla.",FALSE
243,05/06/2023,"Recuperação de veículo clonado, Fiat Toro com prata, placas aparentes QPH7J59, placa original PPZ3857. Recuperado pelo GPT02 em Cariacica, km 291 após acompanhamento in loco da BDI02 e apoio da BDI01. QTC BDI Valadares.",FALSE
244,27/06/2023,"Recuperação de veículo clonado, Toyota Hilux cor branca, placas aparentes PPZ4E29, placa original . Abordada pela PM em Santa Teresa após compartilhamento de informação. Não tem BOP",FALSE
245,03/07/2023,"Recuperação de veículo clonado, Chevrolet Cobalt, cor branca, placas aparentes PXW3943, placas originais PPA6664. Abordado pelo GPT02 no trevo do km 214 com apoio da BDI02.",FALSE
246,03/07/2023,"Recuperação de veículo clonado, Renault Sandero, placas aparentes QUW2G26, placa original QUO5F45. Abordado pelo GPT02 no trevo de João Neiva com apoio da BDI02.",FALSE
247,06/07/2023,"Recuperação de veículo clonado, Ford Ranger, cor branca, placas aparentes PYD7H00, placa original PYO1C67. Abordado pelo GPT02 km 237 (fotos celular mala Sportage)",FALSE
248,06/07/2023,"Recuperação de veículo clonado, Toyota Corolla, palcas aparentes PPJ9B13, placa original PPM7907. Abordado pelo GPT02 km 266. Passageiro deu nome falso e estava com MPA. QTC BDI04",FALSE
249,10/07/2023,"Recuperação de veículo clonado, Toyota Corolla, placas aparentes LTA9C56, placa original LSY9656. Abordado pelo GPT02 em Serra após acompanhamento da BDI02, apoio do Bragatto.",FALSE
250,13/07/2023,"Recuperação de veículo clonado. Fiat Toro, placas aparentes QUK9C55, placa original QRK6E28. Abordada no âmbito da Operação Siameses II. Apoio da PM Aracruz  (5º Batalhão) e BDI04.",FALSE
251,13/07/2023,"Recuperação de veículo clonado. Fiat Strada, placas aparentes RCT7I00, placa original RBD9B44. Abordada no âmbito da Operação Siameses II. Apoio da PM Aracruz (5º Batalhão) e BDI04.",FALSE
252,13/07/2023,"Recuperação de veículo clonado. Fiat Punto, placas aparentes MJS7A74, placa original FFZ2348. Abordada no âmbito da Operação Siameses II. Apoio da PM Aracruz  (5º Batalhão) e BDI04.",FALSE
253,23/07/2023,Cumprimento de Mandado de Prisão em desfavor de Eduardo Monteiro Rosa / 147.924.087-76. Condutor do VW/UP placa FTV3G13. Abordado pela equipe da Ronda Serra após fuga do veículo.,FALSE
254,09/08/2023,"Recuperação de veículo clonado. VW Saveiro, placas aparentes PVG1J61, placa original PVP8202. Abordada em Serra Pela Força Tática da PM e GPT02.",FALSE
255,14/08/2023,"Recuperação de veículo clonado. Honda CB250, placas aparentes PXI0D31, placa original PXG7B03. Abordada no Posto Serra ronda.",FALSE
256,31/08/2023,"Recuperação de moto clonada HONDA/CG 160 FAN, placa aparente RQM7A86, não chegou no original. BOP 2313163230831140029",FALSE
257,11/09/2023,"Recuperação de veículo clonado. Fiat Toro, placas aparentes FJQ2E29, placa original FAD3579. Abordado pelo GPT02.",FALSE
258,27/09/2023,"Recuperação de veículo clonado. Honda CG 160, placa aparente QHY7A45, não foi possível idendificar veículo original. Abordado pelo GPT02, QTC original da BDI04",FALSE
259,17/10/2023,"Recuperação de veículo clonado. Honda CG 160, placa aparente RBA9I17, placa original QRM7A71. Abordado pela Ronda Brejetuba.",FALSE
260,22/10/2023,"Prisão de Quadrilha especializada em furto de vestuário em Lojas de Departamento de Shoppings. Operação da PC/ES apoio da BDI Serra. RELINT 9665.5467, BU 52665308.",FALSE
261,23/10/2023,"Recuperação de veículo clonado. Fiat Palio, placas aparentes EBH9H97, paca original MTB4294. Abordado pelo GPT02 no km 269 BR 101.",FALSE
262,23/10/2023,"Recuperação de veículo clonado. Ford Fiesta, cor vermelha, placas aparentes OSB4A87, placa original NYR4D06. Abordado pelo GPY02 km 255. QTC original Daniel Fortes - PC. Suspeito de participação em homicídio. Na abordagem foi encontrada uma munição que pode ter sido usada no crime.",FALSE
263,03/11/2023,"Recuperação de veículo clonado. Nissan Versa, placas aparentes RFY9J70. Não foi foi possível identificação do original durante a abordagem, aguardar perícia. Realizaram contato com a proprietária que enviou foto e vídeochamada mostrando o veículo de sua propriedade na garagem. BDI02 compartilhou informação com a PM (Ambiental) após informação de que o veículo poderia estar envolvido em troca de tiros com a PM em Nova Almeida momentos antes da passagem. Abordado em Jacaraípe, retornando de Nova Almeida. Não foram encontrados outros ilícitos. Condutor WESLEY BROZEGUINI NITZ, CPF 13990067702. BU 52777644",FALSE
264,06/11/2023,"Recuperação de veículo clonado, Fiat Toro, placas aparentes PYE0I80, placa original PPR2A71. Abordado pelo GPT02 em Carapina.",FALSE
265,14/11/2023,"Abordagem a veículo com denúncia de que haviam 2 falsos Policiais Civis. Abordado pelo GPT03 em Rio Novo do Sul (Km 390). BOP1373399231114175048. Jeep Renegade, placa FDA4516, cor vermelha. Ocupante Policial Militar do Estado de São Paulo.",FALSE
266,16/11/2023,"Jeep Compass, cor preta, placa QRD0905. Quadrilha estelionatário, abordado pela equipe da Patrimonial em Guarapari. 1 Preso dia 15/11/2023 e 3 presas dia 16/11/2023. Marly é mãe de Jenifer e Diosef
KEILA DE SOUZA RANGEL 12717210741, BU 52894853
MARLY ALBANO ORACIO 02463301716, BU 52894853
JENIFER ALBANO ORACIO 12878837703, BU 52894853
DIOSEF ORACIO 10863706789 BU 52882797 de 15/11/2023
BU denúncia origem 52753994
Ameaça BU 52892776

Processo SEI com MPs 08667.030977/2023-24",FALSE
267,21/11/2023,"Recuperação de veículo clonado, GM/Onix, placas aparentes QQA1G92, placa original QQA1G13. Abordado em Jaguaré pela Ronda São Mateus. Possivelmente o QTC foi enviado pelo Rangel.",FALSE
268,21/11/2023,"Recuperação de veículo clonado, GM/Classic, placas aparentes MRO4I04, placa original MSY0050. Abordado pelo GPT02.",FALSE
269,23/11/2023,"Recuperação de veículo clonado, Honda/XRE 300, placas aparentes RHB7E88, não foi possível chegar no original. BOP 1515805231123133025",FALSE
270,23/11/2023,"Recuperação de veículo clonado, Honda/CG 150 Titan, placas aparentes HKL5264, não foi possível chegar no original. BOP 1515805231123134022. Ocorrência decorrente da anterior.",FALSE
271,18/12/2023,"Recuperação de veículo clonado, VW/Fox, cor branca, placas aparentes QWW1G12, placa original QNQ2731. Abordado pelo GPT02 no km 264.",FALSE
272,20/12/2023,"Recuperação de veículo clonado. Toyota Hilux, cor branca, placas aparentes RME3C21, placa original  RQM9A51. Abordada Pelo Cotama (BPMA) em jacaraípe em parceria com BDI02. Apoio da Del02 (Waldir, Tiago) além de equipe de IFR Gutierra e Amaral. BOP 1969568231220100017",FALSE
273,27/12/2023,"Recuperação de veículo clonado, Honda CB250 Twister, placas aparentes SFP5F12, placas originais RUT7E39. Abvordado pelo GPT02 km 264 BR 101.  Pistola (1unid)
* Carregador de munição (2unid)
* Munição (31unid)
* Maconha (1.990g)
* Real (340R$)
* Telefones Celulares (1unid)",FALSE
274,08/01/2024,Operação Regional - Acompanhamento de possíveis manifestações em referência ao dia 08/01 - ORDEM DE MISSÃO Nº 1/2024/SEINT-ES (SEI 53316096),FALSE
275,08/01/2024,"Clone: Fiat Strada, cor prata. Placa aparente HIG9H28, placa original MST3711. Abordado pela equipe da UOP Viana.",FALSE
276,10/01/2024,"RELINT 8399.5452 sobre Manifestação em Cidade Nova da Serra, BR 101 km 243",FALSE
277,13/01/2024,Operação Divisa Segura 2024 (SEI 53442628) - IFR 06h Wanderson,FALSE
278,16/01/2024,"Clone: VW/Crosfox, cor branca. Placa aparente OYK3E95, placa original OCX4740. Clone descoberto em análise da BDI02. Abordado no km 294 após acionamento da Ronda Viana pela BDI01. ",FALSE
279,20/01/0204,Operação Divisa Segura 2024 (SEI 53442628) - IFR 06h Anderson Cruz,FALSE
280,22/01/2024,"Clone: Fiat Strada, cor preta. Placa aparente PUS9314, placa original OWV5I96. Descoberto pela BDI02 e abordado pelo GPT02.",FALSE
281,22/01/2024,"Clone: Fiat Stilo, cor preta. Placa aparente NFR4F78, placa original HNU6D95. Descoberto pela GPT02, acompanhado pela BDI02 e abordado pelo GPT02 em oficina em Timbuí.",FALSE
282,26/01/2024,"Fraude OLX. Golpe do atravessador. KQS0J25 Ônibus, KQS7B65 Siena. Abordado em Viana pela equipe do Meneguel. Somente há registro na PDI, sem BOP. BU 53567596",FALSE
283,26/01/2024,"RELINT 3193.2369 sobre Furto a comércios em Serra. Corolla PPF7F74, PWZ7A43",FALSE
284,26/01/2024,Operação Divisa Segura 2024 (SEI 53442628) - IFR 06h Wanderson,FALSE
285,30/01/2024,"Clone: GM Prisma, cor branca. Placa aparente PAH9J01, placa original PXI0052. QTC BDI03, acompanhado pela BDI02 e abordado pelo GPT02 em Carapina.",FALSE
286,01/02/2024,"Clone: Hyundai HB20S. Placa aparente PZM5E46, placa original PPQ0D69. Abordado pelo GPT02 em Carapina.",FALSE
287,04/02/2024,"Apreensão de 1,925 kg de Haxixe Gorilla Glue no GM Onix Plus placa SFT1J62. Abordado pelo GPT02 em Carapina após acompanhamento do deslocamento pela BDI02.",FALSE
288,13/03/2024,"Clone: Honda CG 160 FAN. Placa aparente RNL6C05, placa original QRF8I02. Abordado pelo GPT04 em São Mateus após CAI da BDI04 (Suspeita da BDI02)",FALSE
289,15/02/2024,"Clone: Honda Civic, cor preta. Placa aparente FNZ1B35, placa original KRT2268. Encaminhado pelo GFT SEDE após o veículo ter sido encontrado pela BDI02 no Seringal. CAI encaminhado pela BDI03.",FALSE
290,16/02/2024,"Clone: Honda XRE 300, cor preta. Placa aparente RBH5B02, placa original SFP9G75. Abordado pelo GPT02 no km 266/Talma. QTC BDI04, que tb enviou o CAI, acionamento do GPT feito pela BDI02 e BDI04.",FALSE
291,20/02/2024,"RELINT 6970.4773 sobre Furto a comércios em Serra. Corolla PPF7F74, PWZ7A43. Alteração do RELINT 3193.2369 para envio à PC.",FALSE
292,26/02/2024,"Clone: Honda CG 125 FAN cor Vermelha. Placa aparente ORP1716, placa original ORP1716. Abordado pelo GPT02 no km 256.",FALSE
293,27/02/2024,"Operação de Combate ao Crime (OCC) (SEI 54416031). Apoio às equipes operacionais localizadas em Brejetuba. COE, GPT01 e GPT02. IFR 6 horas Anderson Cruz. A operação é de 09 às 23 horas, o IFR de 17 às 23 horas.",FALSE
294,28/02/2024,"Operação de Combate ao Crime (OCC) (SEI 54416031). Apoio às equipes operacionais localizadas em Brejetuba. COE, GPT01 e GPT02. IFR 6 horas Wanderson Leite. A operação é de 09 às 23 horas, o IFR de 17 às 23 horas.",FALSE
295,07/03/2024,"Clone: Fiat Pulse cor cinza. Placa aparente RVM5G16, placa original RVD9I22. Abordado pelo GPT02 no km 265 com acompanhamento após tentativa de fuga. QTC Dornelas, acompanhamento BDI02.",FALSE
296,11/03/2024,"Clone: Fiat Palio cor Cinza. Placa aparente HOK4038, placa original KPL2798. Abordado pela equipe do Posto de Viana. CAI encaminhado pelo Rangel, acompanhamento in loco Yoshimine.",FALSE
297,13/03/2024,"Operação de Combate ao Crime (OCC) (SEI 54853707). Apoio às equipes operacionais localizadas em Pedro Canário. COE e GPT04. IFR 6 horas Wanderson Leite. A operação é de 10 às 23 horas, o IFR de 17 às 23 horas.",FALSE
298,18/03/2024,"Clone: Fiat Siena cor Vermelha. Placa aparente RJT2D19, placa original RKG1E10. Abordado pelo GPT02 e Tática da PM de Aracruz. Suspeita Original Juraz Cardozo, SP.",FALSE
299,21/03/2024,"Clone: Fiat Toro cor Cinza. Placa aparente SFQ4B70, placa original RBI4G73. Abordado pelo GPT02 e PM 14ª Cia em Operação Conjunta.",FALSE
300,21/03/2024,"Recuperação de carga de Ferro Gusa furtada. Carga estava no SR tracionado pelo caminhão trator MB Axor QXY3C69 e SR RFC3C82. Veículo abordado na estrada de Muribeca, logo após ter saído do pátio da empresa Naja.",FALSE
301,28/03/2024,"MPA: FIAT/UNO MILLE, placas MSS9I67. Conduzido por ADRIANO ALVES MARQUES com MPA.",FALSE
302,28/03/2024,RELINT 8849.4234 VEÍCULO CLONADO HONDA/CB250F TWISTER ABS COR CINZA PLACAS APARENTES RQN9B61 EM SERRA ES,FALSE
303,28/03/2024,"Cumprimento de Mandado de Prisão. Fabrício Gonçalves da Silva, condutor do Fiat/Siena EX, de placas MSE1I20.",FALSE
304,01/04/2024,"Clone: Fiat Argo, cor Branca. Placa aparente RNX8I43, placa original RUP1C69. Veículo identificado pela BDI02, abordado pela 14ª Cia e encaminhado pra pátio devido à condutor sem CNH. GPT02 em Conjunto com a Tática da 14ª Cia foi ao Pátio realizar IDV.",FALSE
305,01/04/2024,"Clone: Honda HR-V ELX CVT, cor branca, placa aparente LTO9B62, placa original LMT3J63. Abordado pelo GPT02 em conjunto com a Guarda Municipal da Serra.",FALSE
306,01/04/2024,"Apoio DEIC: Em 29 e 30/04 para acompanhamento e identificação do GOLF HIB4J12 para localização do alvo com mandado de prisão GILBERTO BORGES DA FONSECA (vulgo colorau). BU 54165681. Coletiva de imprensa dia 09/04/2024 (Menezes e M Souza.
- Sacola com 300g de substância semelhante à cocaína
- Sacola com 600g de ácido bórico, 
- sacola com 650g de ácido bórico 
- 5100 pinos de substância semelhante à cocaína 
- 2 rolos de papel filme
- 2 rolos de saco de congelamento 
- 24 caixas de medicamento Resfegrip
- 2400 comprimidos de cafeína 
- 24 bisnagas de Lidocaína 
- 1 frasco de substância semelhante à Éter
- 1 caderno com anotações da traficância
- Saco com diversos pinos vazios
- 70 cartelas de medicamento Sibutramina 
- 33 cartelas de medicamentos aminofilina
- 1 balança de precisão 
- 2 veículos apreendidos
- 1 CNH Falsicifada",FALSE
307,04/04/2024,"Clone: HONDA/CB250F TWISTER, cor cinza, placa aparente RQN9B61. Veículo abordado pela Corregedoria do 6º BPM pois o veículo estava sendo conduzido por policial militar. RELINT 8849.4234 BDI02. BU 54190536",FALSE
308,14/04/2024,"Clone: Fiat/Fastback, cor branca, placa aparente SRO1E85. Veículo abordado pela equipe de Serra após alerta do AB. A equipe solicitou apoio da BDI02 na ocorrência, o que foi crucial para identificação do veículo original.",FALSE
309,10/04/2024,MSG Athena 7604.0193 sobre o BU 54190536 fruto do RELINT 8849.4234 ,FALSE
310,10/04/2024,MSG Athena 1362.4320 sobre apoio ao DEIC na prisão de Gilberto Borges Fonseca (vulgo Colorau),FALSE
311,10/04/2024,"Operação de Combate ao Crime (OCC) (SEI 55474130). Apoio às equipes operacionais localizadas em Colatina. COE e GMR. IFR 6 horas Wanderson Leite. A operação é de 08 às 21 horas, o IFR de 15 às 21 horas.",FALSE
312,11/04/2024,"Operação de Combate ao Crime (OCC) (SEI 55474130). Apoio às equipes operacionais localizadas em Colatina. COE e GMR. IFR 6 horas Gustavo Tristão. A operação de 08 às 21 horas, o IFR de 15 às 21 horas.",FALSE
313,16/04/2024,RELINT 9894.9614 Sobre Furtos de Cabos elétricos e de telefonia em Serra ES,FALSE
314,19/04/2024,Operação MAPEAR 2023 - 2024 ESCA - SEI 55844646. IFR 6h das 19h à 01h. Gustavo Tristão e Anderson Cruz,FALSE
315,19/04/2024,"Clone: Fiat/Strada, cor prata, placa aparente RUF6F54. Original RUT6I44, furtada em Betim. Veículo abordado pela equipe de Serra por indicação da BDI02. ",FALSE
316,23/04/2024,"Operação de combate ao furto de cabos elétricos semafóricos na região de Carapina. BOP 1534769240423030027. Apreensão de 4,07 kg de Cobre (cabo elétrico furtado)  e 20 Caixas de Tylenol amostra Grátis. 2 presos",FALSE
317,24/04/2024,Operação MAPEAR 2023 - 2024 ESCA - SEI 55844646. IFR 6h das 19h à 01h. Wanderson Leite - apoio à BDI03.,FALSE
318,24/04/2024,REMI 2531.5296. Relatório de Missão ESCA (Tristão e Anderson),FALSE
319,25/04/2024,"Apoio à abordagem da moto Yamaha/YBR150, cor preta, placa SFU4E98 que evadiu da abordagem no posto transportando 4Kg de maconha e se escondeu no Rancho Bela Vista. BDI02 foi responsável pela localização do condutor da moto, da droga e do receptador. ",FALSE
320,25/04/2024,"Clone: Peugeot 308 Allure, cor cinza, placa aparente FIC9C06. Placa original ODG0308. Veículo descoberto pela BDI02 e encaminhado à BDI04, abordado pelo GPT04. CAI BDI04.",FALSE
321,30/04/2024,RELINT 8480.1870 Jeep Compass denúncia Ouvidoria SEI 08198.017411/2024-61,FALSE
322,02/05/2024,Abordagem a veículo pela Ronda Serra após apontamento do RELINT 8480.1870 de condutor com CNH Suspensa (Ouvidoria). Confeccionado TCO.,FALSE
323,06/05/2024,"Clone: Hyundai/HB20, cor branca, placa aparente RCX4A30, placa original QRH1B68. Abordado pelo GPT02.",FALSE
324,07/05/2024,"Clone: Honda Civic, cor cinza, placa aparente RIY1E84, placa original RKJ1I39. Abordado pelo COE.",FALSE
325,09/05/2024,"Clone: Honda/FIT EX EVT, cor prata, placa aparente GHF1A28,  placa original LMM7514.  Abordado pelo GPT02.  ",FALSE
326,13/05/2024,"Clone: VW/POLO TRACK MA, cor branca, placas aparente SJL5I02, placa original FVC9C22. Abordado pelo GPT02",FALSE
327,17/05/2024,Prisão da pessoa que furtou 7 armas em delegacia da PC. Foram recuperadas 2 armas. Operação conjunta com a DEFAE/DEIC DA PC/ES.,FALSE
328,23/05/2024,"Clone: Yamaha/YBR, cor preta, placa aparente RFP0I04, não foi possível chegar na original.  Abordado pelo GPT02.  ",FALSE
329,27/05/2024,"Clone: Renault/Kwid, cor branca, placas aparente PLL6D69, placa original QNC3C10. Abordado pelo GPT02 mas encaminhado ao DPJ pelo COE pois GPT02 havia se acidentado com a VTR.",FALSE
330,29/05/2024,"Clone: Yamaha Fazer 250, cor branca, placa aparente PPP0I50, não foi possível chegar no original. Abordada pelo GPT02 no km 260. Acompanhamento BDI02.",FALSE
331,11/06/2024,"Clone: Fiat Argo, cor branca, placas aparentes QNU5D72, praca original QNU2789. Abordado pelo GPT01 (Covre e Modolo) em Cariacica após CAI do Fraga.",FALSE
332,17/06/2024,"Cumprimento de Mandado de Prisão. EDSON LUCAS FAE, condutor do Fiat/Palio, de placas ODI2858. PA",FALSE
333,27/06/2024,"Prisão em flagrante de JOCASTA PAOLA WEBER, CPF 07866172927 por homicídio no DF. Abordagem realizada no PR após analise desta BDI e contato com coelaga de SP que acionou o PR. QTC Claudinho PC
Ontem (26/06/2024), por volta das 21:30hs, fomos informados pela PC/ES por solicitação do Delegado Ricardo de Almeida Soares (Chefe do Departamento Especializado de Homicídios e Proteção à Pessoa - DEHPP)  que uma mulher havia cometido homicídio no DF e que estaria em fuga para o estado do Espírito Santo. A suspeita ainda estaria, em tese, em estado flagrancial. Após análise verificamos que o veículo informado pela PC/DF estava em deslocamento, já no estado de São Paulo. Realizamos acionamento da Inteligência da PRF em São Paulo que passou a monitorar o veículo, informando que o DF também estava entrando em contato para a mesma ocorrência. Percebendo que se deslocava para o estado do PR o AI paulista acionou a Inteligência da Superintendência Paranaense que, às 05:23hs de hoje, obteve êxito no acionamento operacional que realizou a abordagem na BR 369. A suspeita estava no veículo e foi encaminhada à Polícia Judiciária que lavrou sua prisão.
A ocorrência reforça a necessidade de uma rede forte de Inteligência.

BOP 2199164240627052336
BR 369, km 349, às 05:23hs de 27/06/2024, Campo Mourão PR
Cadastro no SICOP pelo DF às 23:00hs",FALSE
334,01/07/2024,"Clope: VW Saveiro, cor branca, placas aparentes BWW8B54, placa original EQJ3B65. Abordada pela equipe de Viana após CAI do Bragatto.",FALSE
335,04/07/2024,"Clone: Hyundai Creta, cor cinza, placas aparentes RKT9G02, placa original RKH9F89. Abordado pelo GPT02 na ES257 km 11 em Aracruz após acompanhamento da BDI02. GPT em deslocamento para Cerimônio na sede do 5º BPM",FALSE
336,10/07/2024,"Adulteração veicular: VW Voyage, placa aparente HMW0J45, placa original OCZ7F75. Abordado pelo GPT01 ao avistar o veículo em Cariacica.",FALSE
337,11/07/2024,"Clone: VW UP cor branca, placas aparentes PUR8H61, placa original PPA3A925. Abordado pelo GPT02 após acompanhamento da BDI02.",FALSE
338,17/07/2024,"Cumprimento de MPA em desfavor de ROBERTO CARLOS PEREIRA DE ALMEIDA, foragido do sistema prisional, condenado por roubo majorado.",FALSE
339,18/07/2024,"Clone: CG 125, cor preta, placa aparente OCY2H84. Abordado pelo GPT02",FALSE
340,23/07/2024,"Clone: Honda CG 160 FAN. Placa aparente RBA4B06, placa original RBD9G90. Abordado em  Safra opelo GPT03.",FALSE
341,26/07/2024,"MSG 8295.5614 DENÚNCIA DE TRANSPORTE DE CARGA COM EXCESSO DE PESO EMPRESA SOBRITA, SERRA ES",FALSE
342,01/08/2024,"Cumprimento de mandado de prisão para ADENILTON SOUZA DA SILVA, CPF: 077125717-16, proprietário e condutor do veículoi MRB7E72 - FIAT/SIENA FIRE FLEX",FALSE
343,05/08/2024,"Fraude Veicular. Vaículo Fiat Uno placa PZF7E84 rodando com placa fabricada como PZE7E84 que pertence a um HB20. Veículo abordado pelo GPT02 após identificação, localização e acompanhamento da BDI02.",FALSE
344,07/08/2024,Apoio da BDI02 à SEINT em operação conjunta da PRF + PF + RF. Galpão de depósito de cigarros contrabandeados.,FALSE
345,08/08/2024,"Clone: Ford Ka Sedan, cor branca. Placa aparente LSD7F61, placa original PVI5B52. Recuperado pelo GPT02 na Rodovia do Contorno em Serra.",FALSE
346,08/08/2024,"Clone: Fiat Mobi cor branca. Placa aparente RVP2I88, placa original RVP0D89. Abordado pelo GPT02 em Novo Horizonte após veículo fugir da abordagem no km 269.",FALSE
347,12/08/2024,"Clone: Fiat Strada cor branca. Placa aparente QDH3B93, placa original QRC9699. Recuperado pelo GPT02 na Rodovia do Contorno.",FALSE
348,02/09/2024,"Adulteração de sinais de identificação: GM Corsa, cor azul, placa original MRM7297, usando de artifício para adulteração da placa para MRM8297.",FALSE
349,05/09/2024,"Clone: Fiat Strada, cor cinza. Placa aparente OXG5E83, placa original PPB7281. Abordado pelo GPT04 em São Mateus, apoio da BDI04 (Gripa)",FALSE
350,09/09/2024,"Clone: Honda XRE 190, cor azul. Placa aparente RTJ8F70. Não foi possível chegar no original. BOP 1515805240909201047. Abordado pelo GPT02 em Carapina.",FALSE
351,11/09/2024,"Clone: Renault Sandero, cor vermelha. Placas aparentes GKA5C69, placa original PWK0580. Abordado pelo GPT02 em Carapina.",FALSE
352,11/09/2024,"Clone: Toyota Corolla, cor preta. Placa aparente OQU0E62, placa original OYF1993. Obodado pelo GPT02 em Carapina. 4 indivíduos causaram acidente e fugiram a pé da equipe. Deixaram 203 pinos de cocína embalados no veículo. 425 g.",FALSE
353,14/09/2024,"Clone. HYUNDAI/HB20, cor preta. Placa aparente FRM5I49, placa original FOV6899. Abordado pela equipe de Poços de Caldas/MG. BOP 1502930240914121535",FALSE
354,16/09/2024,Clone: Chevrtolet/Cruze cor branca. Placa aparente PPV5J68. Placa original PPX6A64. Abordado pela equipe da UOP de Viana após contato telefônico com Ednei. Encaminhamento do CAI após a abordagem.,FALSE
355,19/09/2024,"Porte de arma de fogo e MP por homicídio. JOSÉ COSME AMORIM TAVARES, que estava na moto SGC2F98 e estava em fuga para BA. Abordado pela equipe do posto de São Mateus. Operação conjunta com DHPP Vitória (Dr. Ramiro), origem da informação. 
Apreensão de R$ 566,00
1 arma de fodo Pistola Taurus .380
46 munições
1 carregador",FALSE
356,25/09/2024,"Porte de arma de fogo de calibre permitido. Honda CB 300, amarela, placa MST8487. Veículo envolvido em ocorrências de roubo na região de Belvedere. Abordado pela aquipe da Del02 após acompanhamento da BDI02.",FALSE
357,09/10/2024,"OPERAÇÃO EFÉSIOS 4:28 - Apoio realizado pela BDI02 e NOE ao DEIC (PC ES) em operação no bairro Industrial em Viana, para cumprimento de mandado de prisão de 3 envolvidos no furto de dinheiro em apartamento em Vila Velha em 17/07/2024. Durante o cumprimento do MP o NOE apoiou ficando na BR, caso algum dos alvos buscasse fuga. Durante as diligências foi recebida informaçã que parte do dinheiro estava em possa da namorada de um dos presos. A suspeita foi identificada e vista com sua motocicleta nas ruas do bairro, após abordagem os policiais do DEIC se dirigiram à casa da mãe da suspeita onde encontraram parte do dinheiro furtado. Com o alvo Ernandes foi encontrada uma pistola e munições.
Saldo da operação
04 pessoas presas
01 Pistola SAR9 9mm com seletor de rajada, com numeração raspada
88 munições 9 mm
04 carregadores
03 celulares arrecadados
R$ 120.000,00 (cento e vinte mil reais)
01 motocicleta  HONDA XRE 300 ABS, cor prata, placa RWS5E59   ",FALSE
358,09/10/2024,"Clone: Jeep/Compass cor preta, placa aparente QSL9G83. Placa original RIR0B91. Abordado pelo NOE no km 1 do Novo Contorno em Serra após acompanhamento da BDI02 via sistema.",FALSE
359,21/10/2024,"Veículo com restrição de roubo/furto, GM Corsa Wind, cor cinza, placa MOX3A12. Recuperado pelo GPT02 em frente ao Shopping Monserrat.",FALSE
360,21/10/2024,RELINT 2169.1994 sobre a Operação Efésios 4:28,FALSE
361,23/10/2024,"Clone: VW/Fox, cor prata, placa aparente OVE4789, placa original ODT2049. Abordado pelo GPT02 na Norte Sul.",FALSE
362,23/10/2024,"Clone: GM Tracker, cor prata, placa aparente SHC7E62, placa original LUE4H58.Abordado pelo GPT02 na Norte Sul.",FALSE
363,11/11/2024,"Prisão de Rhuan Patrick Oliveira Schek. Assaltante de joalheria no MS. QTC Claudinho PC. Abordado em Safra pela equipe do posto, apoio do GPT03 e BDI03 (Rangel)",FALSE
364,13/11/2024,"Clone: Nissan/Kicks SL CVT, cor branca, placa aparente QPU5D52, placa original QNL5101. Abordado pelo GPT02 no km 264. QTC Claudinho DEIC. Com o casal foi encontrado rolo de fios que pode ser fruto de furto em apuração pelo DEIC.",FALSE
365,18/11/2024,"Operação conjunta Delegacia de Roubo a Bancos e PRF. Banco do Brasil
Prisão de Eduardo Barbosa de Oliveira e Paloma Duarte Tolentino, no Jeep Renegade 
placa PPW7A52.

70.700 euros = 430.573,11 reais
41.940 dólares = 241.058,59 reais
763.438 reais
total R$ 1.435.069,70
PC/ES recuperou mais R$ 20.000,00",FALSE
366,21/11/2024,"Prisão de Paulo Sergio Brandes, condutor do GM Classic placa OCX3I15, com MPA por PA. Abordado pelo GPT02 em Carapina.",FALSE
367,26/11/2024,Recuperação da motocicleta furtada SFW1C97 em Bairro das Laranjeiras em Jacaraípe. Moto do sogro do PRF Richard. Recuperada pela PM após contato e encaminhamento da localização para P2 da 14ª Cia ind. BU furto 56394450,FALSE
368,12/12/2024,"Recuperação de motocicleta com restrição de furto. MQT0610, Honda CG cor vermelha. BU 56452005. Recuperado pela Ronda Serra no pátio do Posto EKO (Kixiki). QTC DFreitas da P2 da 14ª CIA. Dois vieram na moto de Fundão, abandonaram a moto no posto e saíram a pé para Santiago.",FALSE
369,12/12/2024,Cumprimento de Mandado de Prisão GPT02,FALSE
370,17/12/2024,"Cumprimento de Mandado de Prisão de SAMUEL SILVANO BANDIN (168.542.237-33). Abordado pela equipe do Posto de Campos dos Goytacazes RJ após solicitação da BDI02ES e BDI08RJ. QTC Daniel Fortes

No dia 02 DEZ 2024 ocorreu um homicídio em Vila Velha. O delegado Daniel Fortes da DHPP solicitou apoio à esta BDI Serra para identificação do veículo utilizado no crime que fora registrado por uma testemunha. Esta BDI identificou o veículo (Hyundai Santa Fe placa MTG9D40) e a pessoa que estaria utilizando o veículo com base em abordagem e BOP já realizados envolvendo este veículo na PRF. As características coincidiram com as do autor do crime, confirmando identidade do autor do crime após investigação da DHPP VV. 
Na data de 17 DEZ 2024 recebemos informe de que o acusado estaria em fuga para o Rio de Janeiro e que poderia estar utilizando o veículo Toyota Etios placa AZR9A29. A BDI08-RJ prestou apoio no monitoramento e abordagem do veículo no Posto PRF em Campos dos Goytacazes. O indivíduo SAMUEL SILVANO BANDIN, com Mandado de Prisão em aberto, foi identificado no interior do veículo e, após voz de prisão, foi encaminhado ao DPJ de Campos dos Goytacazes.

Delegado Daniel Fortes agradeceu o empenho da Polícia Rodoviária Federal a quem convidará para compor a mesa quando da coletiva de imprensa.",FALSE
371,20/12/2024,"Clone: SSW9C75 - VW/T CROSS TSI (clone SRX3H28). QTC RIOS, informei no Blue Rock, Gripa acionou o posto e abordaram em Linhares.",FALSE
372,20/12/2024,"Clone Jeep Renegade azul, placa aparente SRK9D58, placa original SRC5I25. Abordado pela PM da 14ª Cia Ind em Nova Almeida após operação com GPT02, COTAMA e BDI02 no dia anterior. porém alvo não havia movimentado.",FALSE
373,24/01/2025,Clone:  FCY6J93 - VW/NIVUS CL TSI (clone SQW6I78). Abordado pelo GPT01 em Bicanga.,FALSE
374,05/02/2025,Clone: LVE3A90 - JEEP/RENEGADE 1.8 AT (clone EVF3H29),FALSE
375,06/02/2025,"MPA - LEXUS NX300H, DE PLACAS QRE1B43, cor branca. PLATINI VIEIRA MARQUES CPF 305.175.118-94. QTC BDI04",FALSE
376,10/02/2025,"Fiat/Strada, de placas PWS8751, cor vermelha. Levantamento de provavel clone pela BDI02, foi contatada BDI na BA para verificação de imagem, mas foi abordado pelo GPT02 que a identificou munição no interior do veículo encaminhando o condutor. GPT02 não marcou Int no BOP.",FALSE
377,20/02/2025,"MPA - Vandeilson da Fonseca Antunes CPF 05799656784, estava no veículo MSU7G63 - GM/CLASSIC LIFE. Informe da BDI04",FALSE
378,20/02/2025,,FALSE
379,14/03/2025,MPA - Fiat Toro prata RAT5D70. Operação conjunta com DEIC. QTC Claudio Deic,FALSE
380,17/03/2025,"Clone: Honda/CG 125 FAN KS, cor preta, placa aparente MTG7B41, não foi identificada a motocicleta original. Veículo abordado pelo GPT02 próximo ao km 256.",FALSE
381,17/03/2025,"MPA - FABIO RODRIGUES GOMES (093.667.357-54) condutor do veículo Chevrolet/Onix Plus, cor preta, de placas RVX7D23. Abordado pelo GPT02 em Serra.",FALSE
382,20/03/2025,REMI ESCA,FALSE
383,24/03/2025,PPU6933 - JEEP/RENEGADE SPORT (clone QND8I89),FALSE
384,24/03/2025,OMA2413 - FIAT/IDEA ATTRACTIVE (clone ODN6189),FALSE
385,26/03/2025,"Clone: Honda/CG , cor preta, placa aparente QOS2272, . Veículo abordado pelo GPT02.",FALSE
386,31/03/2025,"Clone: VW/Polo, cor branca, placa aparente PLQ6J96. Original PLS2J68, roubado em Camaçari/BA.",FALSE
387,01/04/2025,POI Operação Festa de Baixo Guandu,FALSE
388,01/04/2025,"Operação Descanso Legal (Segurança Viária). Apoio ao GFT da Sede que estava em Guarapari. Autuações realizadas após análise e CAI.
Veículo: VW/24.280 Crm 6X2. Placa RBF-6E13
Veículo: Mercedes Benz/Axor 2536 Ls. Placa RBA-1F06
Veículo: Scania/R450 A6X2. Placa RBG-4E46",FALSE
389,02/04/2025,"Sequestro. Acionamento do Tessarollo. Video de restrição de liberdade no pedágio da ECO101 em Serra. Veículo acompanhado pela BDI e aborado pela ronda Serra em João Neiva. RBB2F58, Fiat Argo cor branca",FALSE
390,10/04/2025,"Tentativa de homicídio e clone: Jeep Compass placa aparente FWT3H93, placa original RTT7G50. Abordado pela PM em Saquarema RJ. QTC Daniel Fortes.",FALSE
391,10/04/2025,Clone: HONDA/XRE 300 SAHARA ADV - BEGE placa aparente SVL9J60. Abordado pelo GPT02 em Santa Teresa. Suspeita original do Gripa,FALSE
392,13/04/2025,"FLQ9D76 - YAMAHA/YS150 FAZER SED, que participou de assalto em Vila Velha (Relógios de Luxo) com motor de motocicleta roubada. G3F7E-075749. Consutor encaminhado ao DPJ. Gabriel Monteiro informado do QTC.",FALSE
393,14/04/2025,"Cumprimento de mandado de prisão, apreenção de arma e munição. SGK8B97 VOLVO/FH 500 6X2T cor verde. MPA para THYAGO JORGE PEREIRA. Abordado pelo GPT02 na UOP Serra.",FALSE
394,17/04/2025,"Cumprimento de mandado de prisão. MSI3D43, HONDA/CG TITAN KS - PRETA. MPA para LEONARDO MIRANDA CARAVELLO. Abordado pelo GPT02 em  Tímbui - Fundão.",FALSE
395,22/04/2025,"Clone: HONDA /NXR160 BROS ESD - PRETA, placa aparente PVR8D25. Abordada pelo GPT02 na Avenida Porto Dourado na Serra, ocupantes evadiram.",FALSE
396,26/04/2025,"Clone: FIAT/PALIO WK ADVEN FLEX, placa aparente MSG1764, Apreendido pela Policia Rodoviária Estadua em Araruama-RJ. OCORRÊNCIA N.º 118-02692/2025, de 26 de Abril de 2025. ORIGINAL IDENTIFICADO COMO KNP8353/RJ. DETIDO VICTOR RODRIGUES DA SILVA RODOLFO (123.190.777-07). Suspeita Anderson Cruz",FALSE
397,29/04/2025,"Cumprimento de mandado de prisão. MRP6784, AGRALE/6000 D - BRANCA. MPA para PEDRO VENANCIO DA SILVA
(090.600.652-04). Abordado pelo GPT02 na Serra.",FALSE
398,29/04/2025,"Cumprimento de mandado de prisão. OVF3E72, FORD/CARGO 816 S
- BRANCA. MPA para LEANDRO SOUZA BARBOSA. Abordado pelo GPT02 na Serra.",FALSE
399,10/05/2025,BRICS,FALSE
400,14/05/2025,"Apoio na identificação do veículo Fiat Siena Essence 1.6, cinza, placa PPC2035 utilizado no homicídio de Stanley Steinem em Araçás, Vila Velha no dia 28/02/2025. No dia 17/03/2025 duas pessoas foram presas. o Autor Rhaylan Moraes de Almeida e a amante do autor Nicole Aparecida Muniz Liberato. BDI Serra atuou na confirmação do veículo e da falta de indícios de clonagem.
https://g1.globo.com/es/espirito-santo/noticia/2025/05/14/professor-de-jiu-jitsu-foi-executado-por-causa-de-ciumes-no-es-conclui-policia.ghtml
https://www.folhavitoria.com.br/policia/professor-de-jiu-jitsu-foi-assassinado-por-ciumes-em-vila-velha/
https://record.r7.com/cidade-alerta/video/professor-de-jiu-jitsu-e-assassinado-a-tiros-pelo-atual-namorado-da-sua-ex-15052025/",FALSE
401,#VALUE!,COLETIVA PROFESSOR DE JIUJITSU,FALSE
402,21/05/2025,"RELINT 9183.4562 - FURTO QUALIFICADO AO SICOOB EM SERRA SEDE EM 14 FEV 2025, APOIO À PCES NA IDENTIFICAÇÃO DE VEÍCULOS ENVOLVIDOS",FALSE
403,#VALUE!,COLETIVA SICOOB,FALSE
404,15/05/2025,"PRISÃO DE 5 ENVOLVIDOS NO FURTO DO SICOOB, PC DEIC",FALSE
405,21/05/2025,"Clone: Jeep Compass cor preta, placa aparente RFD3B24, placa original . Abordado pela equipe da UOP LInhares após CAI da BDI04.",FALSE
406,27/05/2025,Desmanche de motocicletas,FALSE
407,05/06/2025,"Clone: FIAT/STRADA, branca, placa aparente RTU4C48. Abordada pelo GPT02 em Colatina. Suspeita original SEINT-ES.",FALSE
408,09/06/2025,Onix Preto QTC originado na BDI06-RJ,FALSE
409,14/06/2025,Fiat Strada. Oxi abordado pelo COE en Santa Leopoldina.,FALSE
410,18/07/2025,"RELINT 9722.4717 HOMICÍDIO BAIRRO PRAIA DA COSTA, VILA VELHA/ES, 09 DE JUN DE 2025",FALSE
411,18/07/2025,"Apoio na identificação de veículos e pessoas relacionadas ao HOMICÍDIO NO BAIRRO PRAIA DA COSTA, VILA VELHA/ES, 09 DE JUN DE 2025. Empresário.",FALSE
412,23/07/2025,"Cumprimento do MP. VW/24.280, cor branca, placas PUJ0H60. MPA para o condutor JEFERSON LUIS GOMES BRAGA.",FALSE
413,31/07/2025,"Clone: Hyundai/Tucson, prata, placa aparente LQZ4D08. Abordado pelo GPT02. Original placas OKV4C36",FALSE
414,04/08/2025,"Veículo com restrição de FURTO em Belho Horizonte MG em 25/02/2025. Fiat uno, placa RNE0C87, cor branca. Abordado pelo GPT02 no km 260 após acompanhamento da BDI por sistemas.",FALSE
415,04/08/2025,"Clone: GM/PrIsma, cor prata, placa pararente PYE4I14, placa original PPL8D60. Abordado pelo GPT02 e Ronda Serra (Marcos e Tessarollo) no Posto Serra. CAI encaminhado pelo Orlando da BDI01 que foi quem informou QTC. QTC original da BDI03.",FALSE
416,04/08/2025,"Clone: Fiat/FastBack, cor prata, placa aparente SRN0D29, placa original . Abordado pelo GPT01 na ES080. Apoio da BDI01 (Orlando)",FALSE
417,04/08/2025,"Apoio na identificação do clone Fiat/Pulse, placa aparente SFV6I13, confirmada pelo GPT02, a pedido do DHPP-VV. Placa do original SJE1J08, furtado no Rio de Janeiro.",FALSE
418,06/08/2025,"Clone: Fiat Mobi Trakking, cor branca, placas aparentes PZB0H67, placa original SRS1B41. Abordado pelo GPT02 em João Neiva após VIG da BDI. QTC Charpinel.",FALSE
419,11/08/2025,"Ação conjunta entre PRF (GPT02 e GCM Vitória). Cumprimento de Mandado de Prisão contra Matheus Maccari Neto, condutor do Toyota Corolla placa RJJ6D49",FALSE
420,15/08/2025,"Cumprimento MP. FIAT/STRADA, vermelha, placas PPA3168, para o proprietário DONALSON ALVES GOMES.",FALSE
421,19/08/2025,"Cumprimento MP. Ford/Cargo, cor vermelha, placas NMO4831, para o condutor JOSE HUGO DA SILVA.",FALSE
422,25/08/2025,"Cumprimento de MP. Scania, placa MPC9G84, azul, condutor com MP WILLIAN CAMPOS FRAGA. Tipificação: PA Nº do processo: 0009865-45.2020.8.08.0035 ",FALSE
423,26/08/2025,"Recuperação de motocicleta furtada TOI2A58 já com placa adulterada para SSE4A38. Moto de apoio ao furto RJT9E73 APREENDIDA e estava com chassi adulterado. BDI identificou moto de apoio e região onde foi deixada pra esfriar. P2 da 14ª CIA IND foi acionada. PM recuperou no dia 26/08, um dia após o furto, em uma casa em São Francisco, Serra. Não houve presos.",FALSE
424,09/09/2025,Mandado de Prisão para o condutor WELLINGTON SOUZA DO NASCIMENTO condutor do veículo SGL9H76 - M.BENZ/ACTROS 2548S. Abordado por Yuri e Tessarolo na Uop Serra,FALSE
425,09/09/2025,"Clone e CNH suspensa: Fiat/Strada, cor cinza, placa aparente QXT4B63. Abordado pelo GPT02 em Colatina. ",FALSE
426,18/09/2025,RELINT 9287.9944 - PASSEIO DE MOTOCICLISTAS DE BAIXA CC DE VITÓRIA À IBIRAÇU PELA BR-101 EM 21 SET 2025 - ROLEZINHO DE MOTOCICLETAS. ,FALSE
427,21/09/2025,Operação de acompanhamento de passeio de motociclistas RELINT 9287.9944,FALSE
428,21/09/2025,TCO em decorrência de abordagem por indicativo de Inteligência (Rolezinho de Motocicletas) para motocicleta Royal Enfield SGP7C94,FALSE
429,29/09/2025,"Clone: HONDA/XRE 300 SAHARA ADV, cor bege, placa aparente SVL9J60. Original SGD3C89, roubado em Serra/ES.",FALSE
430,30/09/2025,"Recuperação de carga roubada (Unilever) veículos adulterados, cavalo e SR. Abordado pela PM em Pedro Canário e apoiado pela Ronda São Mateus. Acompanhamento realizado pela BDI02 e pela BDI Eunápolis. Bragatto ficou de cadastrar COP.",FALSE
431,04/10/2025,"Clone: Fiat/Mobi, cor branca, placa aparente FPH1H79, placa original LSW8937. Abordado pelo GPT02 no km 213.",FALSE
432,04/10/2025,"Cumprimento MP. GM/Corsa, cor vermelha, placas NHF5C23, para o condutor MANOEL PORFIRIO DA SILVA.",FALSE
433,08/10/2025,"Cumprimento de MP em aberto contra JOAO BATISTA SOARES PINTO, condutor do veículo CLU2584 VW/24.250 CNC 6X2 - AMARELA. Abordadp em SAFRA pelo GPT-02, isso mesmo, GPT02.",FALSE
434,10/10/2025,"Clone: Toyota/Corolla, cor branca, placa aparente FYL9F81, placa original RQM6I23, roubado em VV. Abordado na UOP Serra.",FALSE
435,15/10/2025,"Clone: Fiat/Strada, cinza, placa aparente TCF6F39,placa original  SYP6H82. Abordado pela PM de Boa Esperança. Suspeita BDI02 e BDI04.",FALSE
436,16/10/2025,"Clone: Toyota/Corolla, cor preta, placa aparente FVC8A07, placa original FZB6I39 , roubado em SP. ",FALSE
437,29/10/2025,"Clone: Jeep/Renegade, cor branca, placa aparente RTT6E38, repasado pela BDI02 para SEINT-BA. Abordado pelo GPT05-BA, em Itabuna.",FALSE
438,08/11/2025,"Clone: Fiat /Strda, cor cinza, placa aparente RNR0G85, original SHS9H37 de Simonesia/MG. Roubada em Divinopolis/MG.",FALSE
439,10/11/2025,"Cumprimento de MP. Iveco NVQ0I51, JONATHAN DE JESUS FELIX. Abordado pelo GPT02 em Carapina",FALSE
440,12/11/2025,Coletiva de Imprensa de Operação da Polícia Civil com a prisão de 5 pessoas envolvidas em furto de marterial de estoque da Boticário. Furto realizado em 02/03/2025 em Chácara Parreiral. ,FALSE
441,28/11/2025,Clone: apoio à equipe ordinária para confirmação de clonagem. Placa aparente: SFU2I74. Placa original: SFY1E62. Condutor fugiu.,FALSE
442,03/12/2025,"Clone: VW/Polo, cor branca, placa aparente QQY0B31. Original , abordado pelo GPT02 na Pedro Nolasco em Cariacica.",FALSE
443,04/12/2025,"Clone: caminhão VW/24.250 cor branda baú. Placa original HMA7I51, furtado em BH em 02/12/2025. Recuperado pelo GPT em São Gabriel da Palha. QTC e CAI BDI01. Acompanhamento da BDI02. Clone de placa.",FALSE
444,06/12/2025,REMI ESCA 3545.9938,FALSE
445,10/12/2025,Mensagem informando os pontos de instalação dos equipamentos do AB,FALSE
,,,FALSE
,,,FALSE
,,,FALSE
,,,FALSE
,,,FALSE
,,,FALSE
,,,FALSE
,,,FALSE
,,,FALSE
,,,FALSE
,,,FALSE
,,,FALSE
,,,FALSE
,,,FALSE
,,,FALSE
,,,FALSE
,,,FALSE
,,,FALSE
,,,FALSE
,,,FALSE
,,,FALSE
,,,FALSE
,,,FALSE
,,,FALSE
,,,FALSE
,,,FALSE
,,,FALSE
,,,FALSE
,,,FALSE
,,,FALSE
,,,FALSE
,,,FALSE
,,,FALSE
,,,FALSE
,,,FALSE
,,,FALSE
,,,FALSE
,,,FALSE
,,,FALSE
,,,FALSE
,,,FALSE
,,,FALSE
,,,FALSE
,,,FALSE
,,,FALSE
,,,FALSE
,,,FALSE
,,,FALSE
,,,FALSE
,,,FALSE
,,,FALSE
,,,FALSE
,,,FALSE
,,,FALSE
,,,FALSE
,,,FALSE
,,,FALSE
,,,FALSE
,,,FALSE
,,,FALSE
,,,FALSE
,,,FALSE
,,,FALSE
,,,FALSE
,,,FALSE
,,,FALSE
,,,FALSE
,,,FALSE
,,,FALSE
,,,FALSE
,,,FALSE
,,,FALSE
,,,FALSE
,,,FALSE
,,,FALSE
,,,FALSE
,,,FALSE
,,,FALSE
,,,FALSE
,,,FALSE
,,,FALSE
,,,FALSE
,,,FALSE
,,,FALSE
,,,FALSE
,,,FALSE
,,,FALSE
,,,FALSE
,,,FALSE
,,,FALSE
,,,FALSE
,,,FALSE
,,,FALSE
,,,FALSE
,,,FALSE
,,,FALSE
,,,FALSE
,,,FALSE
,,,FALSE
,,,FALSE
,,,FALSE
,,,FALSE
,,,FALSE
,,,FALSE
,,,FALSE
,,,FALSE
,,,FALSE
,,,FALSE
,,,FALSE
,,,FALSE
,,,FALSE
,,,FALSE
,,,FALSE
,,,FALSE
,,,FALSE
,,,FALSE
,,,FALSE
,,,FALSE
,,,FALSE
,,,FALSE
,,,FALSE
,,,FALSE
,,,FALSE
,,,FALSE
,,,FALSE
,,,FALSE
,,,FALSE
,,,FALSE
,,,FALSE
,,,FALSE
,,,FALSE
,,,FALSE
,,,FALSE
,,,FALSE
,,,FALSE
,,,FALSE
,,,FALSE
,,,FALSE
,,,FALSE
,,,FALSE
,,,FALSE
,,,FALSE
,,,FALSE
,,,FALSE
,,,FALSE
,,,FALSE
,,,FALSE
,,,FALSE
,,,FALSE
,,,FALSE
,,,FALSE
,,,FALSE
,,,FALSE
,,,FALSE
,,,FALSE
,,,FALSE
,,,FALSE
,,,FALSE
,,,FALSE
,,,FALSE
,,,FALSE
,,,FALSE
,,,FALSE
,,,FALSE
,,,FALSE
,,,FALSE
,,,FALSE
,,,FALSE
,,,FALSE
,,,FALSE
,,,FALSE
,,,FALSE
,,,FALSE
,,,FALSE
,,,FALSE
,,,FALSE
,,,FALSE
,,,FALSE
,,,FALSE
,,,FALSE
,,,FALSE
,,,FALSE
,,,FALSE
,,,FALSE
,,,FALSE
,,,FALSE
,,,FALSE
,,,FALSE
,,,FALSE
,,,FALSE
,,,FALSE
,,,FALSE
,,,FALSE
,,,FALSE
,,,FALSE
,,,FALSE
,,,FALSE
,,,FALSE
,,,FALSE
,,,FALSE
,,,FALSE
,,,FALSE
,,,FALSE
,,,FALSE
,,,FALSE
,,,FALSE
,,,FALSE
,,,FALSE
,,,FALSE
,,,FALSE
,,,FALSE
,,,FALSE
,,,FALSE
,,,FALSE
,,,FALSE
,,,FALSE
,,,FALSE
,,,FALSE
,,,FALSE
,,,FALSE
,,,FALSE
,,,FALSE
,,,FALSE
,,,FALSE
,,,FALSE
,,,FALSE
,,,FALSE
,,,FALSE
,,,FALSE
,,,FALSE
,,,FALSE
,,,FALSE
,,,FALSE
,,,FALSE
,,,FALSE
,,,FALSE
,,,FALSE
,,,FALSE
,,,FALSE
,,,FALSE
,,,FALSE
,,,FALSE
,,,FALSE
,,,FALSE
,,,FALSE
,,,FALSE
,,,FALSE
,,,FALSE
,,,FALSE
,,,FALSE
,,,FALSE
,,,FALSE
,,,FALSE
,,,FALSE
,,,FALSE
,,,FALSE
,,,FALSE
,,,FALSE
,,,FALSE
,,,FALSE
,,,FALSE
,,,FALSE
,,,FALSE
,,,FALSE
,,,FALSE
,,,FALSE
,,,FALSE
,,,FALSE
,,,FALSE
,,,FALSE
,,,FALSE
,,,FALSE
,,,FALSE
,,,FALSE
,,,FALSE
,,,FALSE
,,,FALSE
,,,FALSE
,,,FALSE
,,,FALSE
,,,FALSE
,,,FALSE
,,,FALSE
,,,FALSE
,,,FALSE
,,,FALSE
,,,FALSE
,,,FALSE
,,,FALSE
,,,FALSE
,,,FALSE
,,,FALSE
,,,FALSE
,,,FALSE
,,,FALSE
,,,FALSE
,,,FALSE
,,,FALSE
,,,FALSE
,,,FALSE
,,,FALSE
,,,FALSE
,,,FALSE
,,,FALSE
,,,FALSE
,,,FALSE
,,,FALSE
,,,FALSE
,,,FALSE
,,,FALSE
,,,FALSE
,,,FALSE
,,,FALSE
,,,FALSE
,,,FALSE
,,,FALSE
,,,FALSE
,,,FALSE
,,,FALSE
,,,FALSE
,,,FALSE
,,,FALSE
,,,FALSE
,,,FALSE
,,,FALSE
,,,FALSE
,,,FALSE
,,,FALSE
,,,FALSE
,,,FALSE
,,,FALSE
,,,FALSE
,,,FALSE
,,,FALSE
,,,FALSE
,,,FALSE
,,,FALSE
,,,FALSE
,,,FALSE
,,,FALSE
,,,FALSE
,,,FALSE
,,,FALSE
,,,FALSE
,,,FALSE
,,,FALSE
,,,FALSE
,,,FALSE
,,,FALSE
,,,FALSE
,,,FALSE
,,,FALSE
,,,FALSE
,,,FALSE
,,,FALSE
,,,FALSE
,,,FALSE
,,,FALSE
,,,FALSE
,,,FALSE
,,,FALSE
,,,FALSE
,,,FALSE
,,,FALSE
,,,FALSE
,,,FALSE
,,,FALSE
,,,FALSE
,,,FALSE
,,,FALSE
,,,FALSE
,,,FALSE
,,,FALSE
,,,FALSE
,,,FALSE
,,,FALSE
,,,FALSE
,,,FALSE
,,,FALSE
,,,FALSE
,,,FALSE
,,,FALSE
,,,FALSE
,,,FALSE
,,,FALSE
,,,FALSE
,,,FALSE
,,,FALSE
,,,FALSE
,,,FALSE
,,,FALSE
,,,FALSE
,,,FALSE
,,,FALSE
,,,FALSE
,,,FALSE
,,,FALSE
,,,FALSE
,,,FALSE
,,,FALSE
,,,FALSE
,,,FALSE
,,,FALSE
,,,FALSE
,,,FALSE
,,,FALSE
,,,FALSE
,,,FALSE
,,,FALSE
,,,FALSE
,,,FALSE
,,,FALSE
,,,FALSE
,,,FALSE
,,,FALSE
,,,FALSE
,,,FALSE
,,,FALSE
,,,FALSE
,,,FALSE
,,,FALSE
,,,FALSE
,,,FALSE
,,,FALSE
,,,FALSE
,,,FALSE
,,,FALSE
,,,FALSE
,,,FALSE
,,,FALSE
,,,FALSE
,,,FALSE
,,,FALSE
,,,FALSE
,,,FALSE
,,,FALSE
,,,FALSE
,,,FALSE
,,,FALSE
,,,FALSE
,,,FALSE
,,,FALSE
,,,FALSE
,,,FALSE
,,,FALSE
,,,FALSE
,,,FALSE
,,,FALSE
,,,FALSE
,,,FALSE
,,,FALSE
,,,FALSE
,,,FALSE
,,,FALSE
,,,FALSE
,,,FALSE
,,,FALSE
,,,FALSE
,,,FALSE
,,,FALSE
,,,FALSE
,,,FALSE
,,,FALSE
,,,FALSE
,,,FALSE
,,,FALSE
,,,FALSE
,,,FALSE
,,,FALSE
,,,FALSE
,,,FALSE
,,,FALSE
,,,FALSE
,,,FALSE
,,,FALSE
,,,FALSE
,,,FALSE
,,,FALSE
,,,FALSE
,,,FALSE
,,,FALSE
,,,FALSE
,,,FALSE
,,,FALSE
,,,FALSE
,,,FALSE
,,,FALSE
,,,FALSE
,,,FALSE
,,,FALSE
,,,FALSE
,,,FALSE
,,,FALSE
,,,FALSE
,,,FALSE
,,,FALSE
,,,FALSE
,,,FALSE
,,,FALSE
,,,FALSE
,,,FALSE
,,,FALSE
,,,FALSE
,,,FALSE
,,,FALSE
,,,FALSE
,,,FALSE
,,,FALSE
,,,FALSE
,,,FALSE
,,,FALSE
,,,FALSE
,,,FALSE
,,,FALSE
,,,FALSE
,,,FALSE
,,,FALSE
,,,FALSE
,,,FALSE
,,,FALSE
,,,FALSE
,,,FALSE
,,,FALSE
,,,FALSE
,,,FALSE
,,,FALSE
,,,FALSE
,,,FALSE